EVENT_ID,CZ_NAME_STR,BEGIN_LOCATION,BEGIN_DATE,BEGIN_TIME,EVENT_TYPE,MAGNITUDE,TOR_F_SCALE,DEATHS_DIRECT,INJURIES_DIRECT,DAMAGE_PROPERTY_NUM,DAMAGE_CROPS_NUM,STATE_ABBR,CZ_TIMEZONE,MAGNITUDE_TYPE,EPISODE_ID,CZ_TYPE,CZ_FIPS,WFO,INJURIES_INDIRECT,DEATHS_INDIRECT,SOURCE,FLOOD_CAUSE,TOR_LENGTH,TOR_WIDTH,BEGIN_RANGE,BEGIN_AZIMUTH,END_RANGE,END_AZIMUTH,END_LOCATION,END_DATE,END_TIME,BEGIN_LAT,BEGIN_LON,END_LAT,END_LON,EVENT_NARRATIVE,EPISODE_NARRATIVE,ABSOLUTE_ROWNUMBER
10092299,OKLAHOMA CO., ,03/13/1973,1400,Thunderstorm Wind,80, ,0,0,0,0,OK,CST, , ,C,109, ,0,0, , ,0,0,0, ,0, , ,03/13/1973,1400,35.38,-97.35, , ,"","",1
10093487,OKLAHOMA CO., ,06/04/1973,1900,Hail,1.75, ,0,0,0,0,OK,CST, , ,C,109, ,0,0, , ,0,0,0, ,0, , ,06/04/1973,1900,35.50,-97.50, , ,"","",2
10093491,OKLAHOMA CO., ,06/04/1973,1930,Thunderstorm Wind,0, ,0,0,0,0,OK,CST, , ,C,109, ,0,0, , ,0,0,0, ,0, , ,06/04/1973,1930,35.40,-97.40, , ,"","",3
10094593,OKLAHOMA CO., ,06/16/1973,1520,Thunderstorm Wind,0, ,0,0,0,0,OK,CST, , ,C,109, ,0,0, , ,0,0,0, ,0, , ,06/16/1973,1520,35.53,-97.47, , ,"","",4
10094624,OKLAHOMA CO., ,07/10/1973,1830,Thunderstorm Wind,0, ,0,0,0,0,OK,CST, , ,C,109, ,0,0, , ,0,0,0, ,0, , ,07/10/1973,1830,35.47,-97.55, , ,"","",5
10094625,OKLAHOMA CO., ,07/10/1973,1830,Thunderstorm Wind,0, ,0,0,0,0,OK,CST, , ,C,109, ,0,0, , ,0,0,0, ,0, , ,07/10/1973,1830,35.40,-97.40, , ,"","",6
10094631,OKLAHOMA CO., ,07/20/1973,1945,Thunderstorm Wind,55, ,0,0,0,0,OK,CST, , ,C,109, ,0,0, , ,0,0,0, ,0, , ,07/20/1973,1945,35.50,-97.50, , ,"","",7
10094639,OKLAHOMA CO., ,08/10/1973,1515,Thunderstorm Wind,0, ,0,0,0,0,OK,CST, , ,C,109, ,0,0, , ,0,0,0, ,0, , ,08/10/1973,1515,35.57,-97.43, , ,"","",8
10094646,OKLAHOMA CO., ,09/03/1973,1900,Hail,1.00, ,0,0,0,0,OK,CST, , ,C,109, ,0,0, , ,0,0,0, ,0, , ,09/03/1973,1900,35.57,-97.63, , ,"","",9
10092372,OKLAHOMA CO., ,10/11/1973,115,Tornado,0,F1,0,0,250000,0,OK,CST, , ,C,109, ,0,0, , ,5.2,50,0, ,0, , ,10/11/1973,115,35.35,-97.53,35.38,-97.45,"","",10
10092389,OKLAHOMA CO., ,11/19/1973,2007,Tornado,0,F3,0,0,2500000,0,OK,CST, , ,C,109, ,0,0, , ,3.6,500,0, ,0, , ,11/19/1973,2007,35.38,-97.47,35.43,-97.45,"","",11
10092406,OKLAHOMA CO., ,02/18/1974,1630,Thunderstorm Wind,0, ,0,0,0,0,OK,CST, , ,C,109, ,0,0, , ,0,0,0, ,0, , ,02/18/1974,1630,35.57,-97.28, , ,"","",12
10092413,OKLAHOMA CO., ,03/08/1974,1815,Tornado,0,F1,0,1,25000,0,OK,CST, , ,C,109, ,0,0, , ,9,40,0, ,0, , ,03/08/1974,1815,35.50,-97.47,35.55,-97.32,"","",13
10094724,OKLAHOMA CO., ,04/20/1974,1530,Hail,2.00, ,0,0,0,0,OK,CST, , ,C,109, ,0,0, , ,0,0,0, ,0, , ,04/20/1974,1530,35.40,-97.60, , ,"","",14
10094725,OKLAHOMA CO., ,04/20/1974,1535,Thunderstorm Wind,57, ,0,0,0,0,OK,CST, , ,C,109, ,0,0, , ,0,0,0, ,0, , ,04/20/1974,1535,35.40,-97.60, , ,"","",15
10094726,OKLAHOMA CO., ,04/20/1974,1550,Hail,1.00, ,0,0,0,0,OK,CST, , ,C,109, ,0,0, , ,0,0,0, ,0, , ,04/20/1974,1550,35.42,-97.38, , ,"","",16
10093215,OKLAHOMA CO., ,04/20/1974,1600,Tornado,0,F3,0,3,2500000,0,OK,CST, , ,C,109, ,0,0, , ,31.7,100,0, ,0, , ,04/20/1974,1600,35.35,-97.67,35.53,-97.15,"","",17
10093235,OKLAHOMA CO., ,05/21/1974,1830,Hail,1.75, ,0,0,0,0,OK,CST, , ,C,109, ,0,0, , ,0,0,0, ,0, , ,05/21/1974,1830,35.40,-97.40, , ,"","",18
10093248,OKLAHOMA CO., ,05/22/1974,2145,Hail,.75, ,0,0,0,0,OK,CST, , ,C,109, ,0,0, , ,0,0,0, ,0, , ,05/22/1974,2145,35.57,-97.28, , ,"","",19
10093249,OKLAHOMA CO., ,05/22/1974,2145,Thunderstorm Wind,0, ,0,0,0,0,OK,CST, , ,C,109, ,0,0, , ,0,0,0, ,0, , ,05/22/1974,2145,35.57,-97.28, , ,"","",20
10093263,OKLAHOMA CO., ,05/23/1974,1840,Hail,2.00, ,0,0,0,0,OK,CST, , ,C,109, ,0,0, , ,0,0,0, ,0, , ,05/23/1974,1840,35.67,-97.33, , ,"","",21
10093278,OKLAHOMA CO., ,06/04/1974,1458,Hail,1.50, ,0,0,0,0,OK,CST, , ,C,109, ,0,0, , ,0,0,0, ,0, , ,06/04/1974,1458,35.48,-97.53, , ,"","",22
10092941,OKLAHOMA CO., ,06/08/1974,1342,Tornado,0,F3,0,14,2500000,0,OK,CST, , ,C,109, ,0,0, , ,8.9,250,0, ,0, , ,06/08/1974,1342,35.40,-97.60,35.50,-97.50,"","",23
10092942,OKLAHOMA CO., ,06/08/1974,1411,Tornado,0,F2,0,0,25000,0,OK,CST, , ,C,109, ,0,0, , ,4.5,50,0, ,0, , ,06/08/1974,1411,35.52,-97.37,35.57,-97.32,"","",24
10092943,OKLAHOMA CO., ,06/08/1974,1418,Tornado,0,F3,0,0,2500,0,OK,CST, , ,C,109, ,0,0, , ,10.2,600,0, ,0, , ,06/08/1974,1418,35.55,-97.35,35.63,-97.20,"","",25
10092945,OKLAHOMA CO., ,06/08/1974,1535,Tornado,0,F1,0,0,25000,0,OK,CST, , ,C,109, ,0,0, , ,2.5,100,0, ,0, , ,06/08/1974,1535,35.40,-97.57, , ,"","",26
10092946,OKLAHOMA CO., ,06/08/1974,1548,Tornado,0,F3,0,0,25000,0,OK,CST, , ,C,109, ,0,0, , ,9,127,0, ,0, , ,06/08/1974,1548,35.48,-97.30,35.53,-97.15,"","",27
10098721,OKLAHOMA CO., ,11/02/1974,800,Hail,.75, ,0,0,0,0,OK,CST, , ,C,109, ,0,0, , ,0,0,0, ,0, , ,11/02/1974,800,35.47,-97.43, , ,"","",28
10098749,OKLAHOMA CO., ,03/09/1975,1035,Hail,1.50, ,0,0,0,0,OK,CST, , ,C,109, ,0,0, , ,0,0,0, ,0, , ,03/09/1975,1035,35.58,-97.60, , ,"","",29
10095560,OKLAHOMA CO., ,05/13/1975,1515,Tornado,0,F2,0,0,25000,0,OK,CST, , ,C,109, ,0,0, , ,2,50,0, ,0, , ,05/13/1975,1515,35.40,-97.50, , ,"","",30
10095562,OKLAHOMA CO., ,05/13/1975,1530,Tornado,0,F1,0,0,25000,0,OK,CST, , ,C,109, ,0,0, , ,.5,50,0, ,0, , ,05/13/1975,1530,35.70,-97.20, , ,"","",31
10095563,OKLAHOMA CO., ,05/13/1975,1530,Tornado,0,F1,0,0,25000,0,OK,CST, , ,C,109, ,0,0, , ,.5,50,0, ,0, , ,05/13/1975,1530,35.70,-97.18, , ,"","",32
10095588,OKLAHOMA CO., ,05/29/1975,1815,Hail,1.75, ,0,0,0,0,OK,CST, , ,C,109, ,0,0, , ,0,0,0, ,0, , ,05/29/1975,1815,35.50,-97.27, , ,"","",33
10095589,OKLAHOMA CO., ,05/29/1975,1815,Hail,1.75, ,0,0,0,0,OK,CST, , ,C,109, ,0,0, , ,0,0,0, ,0, , ,05/29/1975,1815,35.40,-97.60, , ,"","",34
10095590,OKLAHOMA CO., ,05/29/1975,2130,Hail,1.75, ,0,0,0,0,OK,CST, , ,C,109, ,0,0, , ,0,0,0, ,0, , ,05/29/1975,2130,35.50,-97.27, , ,"","",35
10095591,OKLAHOMA CO., ,05/29/1975,2130,Thunderstorm Wind,65, ,0,0,0,0,OK,CST, , ,C,109, ,0,0, , ,0,0,0, ,0, , ,05/29/1975,2130,35.45,-97.40, , ,"","",36
10092173,OKLAHOMA CO., ,06/16/1975,2029,Thunderstorm Wind,64, ,0,0,0,0,OK,CST, , ,C,109, ,0,0, , ,0,0,0, ,0, , ,06/16/1975,2029,35.40,-97.60, , ,"","",37
10092179,OKLAHOMA CO., ,06/17/1975,134,Hail,.75, ,0,0,0,0,OK,CST, , ,C,109, ,0,0, , ,0,0,0, ,0, , ,06/17/1975,134,35.42,-97.38, , ,"","",38
10093065,OKLAHOMA CO., ,11/19/1975,1140,Tornado,0,F1,0,0,25000,0,OK,CST, , ,C,109, ,0,0, , ,.3,33,0, ,0, , ,11/19/1975,1140,35.57,-97.47, , ,"","",39
10093308,OKLAHOMA CO., ,02/20/1976,1600,Hail,.75, ,0,0,0,0,OK,CST, , ,C,109, ,0,0, , ,0,0,0, ,0, , ,02/20/1976,1600,35.42,-97.38, , ,"","",40
10093315,OKLAHOMA CO., ,03/04/1976,1125,Tornado,0,F1,0,0,25000,0,OK,CST, , ,C,109, ,0,0, , ,.5,20,0, ,0, , ,03/04/1976,1125,35.48,-97.28, , ,"","",41
10093349,OKLAHOMA CO., ,04/19/1976,1515,Hail,1.50, ,0,0,0,0,OK,CST, , ,C,109, ,0,0, , ,0,0,0, ,0, , ,04/19/1976,1515,35.38,-97.60, , ,"","",42
10093350,OKLAHOMA CO., ,04/19/1976,1615,Thunderstorm Wind,0, ,0,0,0,0,OK,CST, , ,C,109, ,0,0, , ,0,0,0, ,0, , ,04/19/1976,1615,35.52,-97.48, , ,"","",43
10094471,OKLAHOMA CO., ,05/30/1976,55,Hail,1.00, ,0,0,0,0,OK,CST, , ,C,109, ,0,0, , ,0,0,0, ,0, , ,05/30/1976,55,35.52,-97.63, , ,"","",44
10095652,OKLAHOMA CO., ,03/10/1977,1805,Thunderstorm Wind,51, ,0,0,0,0,OK,CST, , ,C,109,IMT,0,0, , ,0,0,0, ,0, , ,03/10/1977,1805,35.40,-97.60, , ,"","",45
10095658,OKLAHOMA CO., ,03/17/1977,1708,Hail,1.75, ,0,0,0,0,OK,CST, , ,C,109,DU,0,0, , ,0,0,0, ,0, , ,03/17/1977,1708,36.17,-97.22, , ,"","",46
10093703,OKLAHOMA CO., ,05/20/1977,1840,Tornado,0,F2,0,0,2500000,0,OK,CST, , ,C,109, ,0,0, , ,14.9,400,0, ,0, , ,05/20/1977,1840,35.40,-97.40,35.62,-97.40,"","",47
10093704,OKLAHOMA CO., ,05/20/1977,1911,Tornado,0,F3,0,0,250000,0,OK,CST, , ,C,109, ,0,0, , ,1.3,400,0, ,0, , ,05/20/1977,1911,35.70,-97.30,35.72,-97.28,"","",48
10095813,OKLAHOMA CO., ,05/20/1977,2013,Thunderstorm Wind,0, ,0,0,0,0,OK,CST, , ,C,109,ATA,0,0, , ,0,0,0, ,0, , ,05/20/1977,2013,36.65,-97.57, , ,"","",49
10096075,OKLAHOMA CO., ,06/25/1977,2235,Hail,1.50, ,0,0,0,0,OK,CST, , ,C,109,ATA,0,0, , ,0,0,0, ,0, , ,06/25/1977,2235,35.45,-97.40, , ,"","",50
10096076,OKLAHOMA CO., ,06/25/1977,2235,Thunderstorm Wind,0, ,0,0,0,0,OK,CST, , ,C,109,ATA,0,0, , ,0,0,0, ,0, , ,06/25/1977,2235,35.45,-97.40, , ,"","",51
10096079,OKLAHOMA CO., ,06/28/1977,1730,Thunderstorm Wind,50, ,0,0,0,0,OK,CST, , ,C,109,ATA,0,0, , ,0,0,0, ,0, , ,06/28/1977,1730,35.57,-97.47, , ,"","",52
10092280,OKLAHOMA CO., ,04/30/1978,1815,Hail,1.75, ,0,0,0,0,OK,CST, , ,C,109,RY,0,0, , ,0,0,0, ,0, , ,04/30/1978,1815,35.65,-97.48, , ,"","",53
10092282,OKLAHOMA CO., ,04/30/1978,1830,Tornado,0,F4,0,0,2500000,0,OK,CST, , ,C,109, ,0,0, , ,3.6,33,0, ,0, , ,04/30/1978,1830,35.65,-97.68,35.68,-97.63,"","",54
10092542,OKLAHOMA CO., ,06/18/1978,750,Thunderstorm Wind,52, ,0,0,0,0,OK,CST, , ,C,109,S,0,0, , ,0,0,0, ,0, , ,06/18/1978,750,35.42,-97.38, , ,"","",55
10092543,OKLAHOMA CO., ,06/20/1978,1855,Hail,2.75, ,0,0,0,0,OK,CST, , ,C,109,RY,0,0, , ,0,0,0, ,0, , ,06/20/1978,1855,35.57,-97.60, , ,"","",56
10092548,OKLAHOMA CO., ,06/21/1978,1245,Thunderstorm Wind,0, ,0,0,0,0,OK,CST, , ,C,109,ATA,0,0, , ,0,0,0, ,0, , ,06/21/1978,1245,35.48,-97.53, , ,"","",57
10092560,OKLAHOMA CO., ,07/26/1978,1620,Thunderstorm Wind,52, ,0,0,0,0,OK,CST, , ,C,109,NG,0,0, , ,0,0,0, ,0, , ,07/26/1978,1620,35.65,-97.48, , ,"","",58
10092561,OKLAHOMA CO., ,07/26/1978,1645,Thunderstorm Wind,51, ,0,0,0,0,OK,CST, , ,C,109,T,0,0, , ,0,0,0, ,0, , ,07/26/1978,1645,35.40,-97.60, , ,"","",59
10095744,OKLAHOMA CO., ,08/18/1978,2206,Thunderstorm Wind,52, ,0,0,0,0,OK,CST, , ,C,109,S,0,0, , ,0,0,0, ,0, , ,08/18/1978,2206,35.42,-97.38, , ,"","",60
10105400,OKLAHOMA CO., ,06/20/1979,1800,Thunderstorm Wind,52, ,0,0,0,0,OK,CST, , ,C,109,ATA,0,0, , ,0,0,0, ,0, , ,06/20/1979,1800,35.48,-97.53, , ,"","",61
10105418,OKLAHOMA CO., ,06/21/1979,1900,Thunderstorm Wind,0, ,0,0,0,0,OK,CST, , ,C,109,ATA,0,0, , ,0,0,0, ,0, , ,06/21/1979,1900,35.50,-97.27, , ,"","",62
10105419,OKLAHOMA CO., ,06/21/1979,1930,Thunderstorm Wind,85, ,0,0,0,0,OK,CST, , ,C,109,S,0,0, , ,0,0,0, ,0, , ,06/21/1979,1930,35.40,-97.60, , ,"","",63
10105425,OKLAHOMA CO., ,06/21/1979,2220,Thunderstorm Wind,55, ,0,0,0,0,OK,CST, , ,C,109,S,0,0, , ,0,0,0, ,0, , ,06/21/1979,2220,35.40,-97.60, , ,"","",64
10105435,OKLAHOMA CO., ,07/05/1979,2015,Thunderstorm Wind,73, ,0,0,0,0,OK,CST, , ,C,109,ATA,0,0, , ,0,0,0, ,0, , ,07/05/1979,2015,35.53,-97.65, , ,"","",65
10105436,OKLAHOMA CO., ,07/05/1979,2015,Thunderstorm Wind,73, ,0,0,0,0,OK,CST, , ,C,109,ATA,0,0, , ,0,0,0, ,0, , ,07/05/1979,2015,35.53,-97.65, , ,"","",66
10105444,OKLAHOMA CO., ,07/16/1979,1650,Tornado,0,F2,0,0,250000,0,OK,CST, , ,C,109, ,0,0, , ,0,33,0, ,0, , ,07/16/1979,1650,35.42,-97.62, , ,"","",67
10106386,OKLAHOMA CO., ,08/10/1979,1755,Hail,.57, ,0,0,0,0,OK,CST, , ,C,109, ,0,0, , ,0,0,0, ,0, , ,08/10/1979,1755,35.42,-97.38, , ,"","",68
10106624,OKLAHOMA CO., ,08/21/1979,1825,Hail,1.75, ,0,0,0,0,OK,CST, , ,C,109,ATA,0,0, , ,0,0,0, ,0, , ,08/21/1979,1825,35.65,-97.48, , ,"","",69
10105989,OKLAHOMA CO., ,03/23/1980,1625,Tornado,0,F0,0,0,250,0,OK,CST, , ,C,109, ,0,0, , ,.1,3,0, ,0, , ,03/23/1980,1625,35.40,-97.50, , ,"","",70
10105998,OKLAHOMA CO., ,04/02/1980,1200,Hail,1.25, ,0,0,0,0,OK,CST, , ,C,109,ATA,0,0, , ,0,0,0, ,0, , ,04/02/1980,1200,35.48,-97.53, , ,"","",71
10105999,OKLAHOMA CO., ,04/02/1980,1232,Hail,1.50, ,0,0,0,0,OK,CST, , ,C,109,ATA,0,0, , ,0,0,0, ,0, , ,04/02/1980,1232,35.52,-97.63, , ,"","",72
10107124,OKLAHOMA CO., ,05/01/1980,1835,Hail,1.75, ,0,0,0,0,OK,CST, , ,C,109,NG,0,0, , ,0,0,0, ,0, , ,05/01/1980,1835,35.53,-97.53, , ,"","",73
10107152,OKLAHOMA CO., ,05/17/1980,2330,Hail,2.00, ,0,0,0,0,OK,CST, , ,C,109,T,0,0, , ,0,0,0, ,0, , ,05/17/1980,2330,35.48,-97.53, , ,"","",74
10107168,OKLAHOMA CO., ,05/27/1980,248,Hail,.75, ,0,0,0,0,OK,CST, , ,C,109,ATA,0,0, , ,0,0,0, ,0, , ,05/27/1980,248,35.52,-97.60, , ,"","",75
10107531,OKLAHOMA CO., ,05/27/1980,310,Thunderstorm Wind,69, ,0,0,0,0,OK,CST, , ,C,109,ATA,0,0, , ,0,0,0, ,0, , ,05/27/1980,310,35.50,-97.53, , ,"","",76
10107785,OKLAHOMA CO., ,06/16/1980,2125,Hail,1.50, ,0,0,0,0,OK,CST, , ,C,109,ATA,0,0, , ,0,0,0, ,0, , ,06/16/1980,2125,35.65,-97.48, , ,"","",77
10108681,OKLAHOMA CO., ,06/20/1980,222,Thunderstorm Wind,68, ,0,0,0,0,OK,CST, , ,C,109,LCO,0,0, , ,0,0,0, ,0, , ,06/20/1980,222,35.55,-97.45, , ,"","",78
10108939,OKLAHOMA CO., ,04/03/1981,1257,Thunderstorm Wind,52, ,0,0,0,0,OK,CST, , ,C,109,S,0,0, , ,0,0,0, ,0, , ,04/03/1981,1257,35.40,-97.60, , ,"","",79
10108953,OKLAHOMA CO., ,04/13/1981,2115,Thunderstorm Wind,0, ,0,0,0,0,OK,CST, , ,C,109,T,0,0, , ,0,0,0, ,0, , ,04/13/1981,2115,35.48,-97.53, , ,"","",80
10105570,OKLAHOMA CO., ,05/17/1981,1616,Hail,1.75, ,0,0,0,0,OK,CST, , ,C,109,T,0,0, , ,0,0,0, ,0, , ,05/17/1981,1616,35.48,-97.53, , ,"","",81
10105573,OKLAHOMA CO., ,05/17/1981,1645,Hail,1.75, ,0,0,0,0,OK,CST, , ,C,109,NG,0,0, , ,0,0,0, ,0, , ,05/17/1981,1645,35.65,-97.48, , ,"","",82
10105578,OKLAHOMA CO., ,05/17/1981,1700,Tornado,0,F2,0,0,250000,0,OK,CST, , ,C,109, ,0,0, , ,1.9,50,0, ,0, , ,05/17/1981,1700,35.63,-97.35,35.65,-97.32,"","",83
10105579,OKLAHOMA CO., ,05/17/1981,1700,Hail,1.50, ,0,0,0,0,OK,CST, , ,C,109,MT,0,0, , ,0,0,0, ,0, , ,05/17/1981,1700,35.58,-97.42, , ,"","",84
10106692,OKLAHOMA CO., ,05/23/1981,1530,Hail,1.75, ,0,0,0,0,OK,CST, , ,C,109,MT,0,0, , ,0,0,0, ,0, , ,05/23/1981,1530,35.57,-97.28, , ,"","",85
10106723,OKLAHOMA CO., ,06/01/1981,1657,Hail,1.75, ,0,0,0,0,OK,CST, , ,C,109,ATA,0,0, , ,0,0,0, ,0, , ,06/01/1981,1657,35.48,-97.53, , ,"","",86
10106726,OKLAHOMA CO., ,06/01/1981,1733,Hail,4.50, ,0,0,0,0,OK,CST, , ,C,109,T,0,0, , ,0,0,0, ,0, , ,06/01/1981,1733,35.65,-97.48, , ,"","",87
10106737,OKLAHOMA CO., ,06/02/1981,2145,Hail,1.75, ,0,0,0,0,OK,CST, , ,C,109,NG,0,0, , ,0,0,0, ,0, , ,06/02/1981,2145,35.65,-97.48, , ,"","",88
10106739,OKLAHOMA CO., ,06/03/1981,2030,Tornado,0,F1,0,2,2500000,0,OK,CST, , ,C,109, ,0,0, , ,1,100,0, ,0, , ,06/03/1981,2030,35.40,-97.50, , ,"","",89
10107852,OKLAHOMA CO., ,08/26/1981,1830,Hail,1.75, ,0,0,0,0,OK,CST, , ,C,109,NG,0,0, , ,0,0,0, ,0, , ,08/26/1981,1830,35.45,-97.40, , ,"","",90
10107864,OKLAHOMA CO., ,10/03/1981,1955,Hail,1.75, ,0,0,0,0,OK,CST, , ,C,109,NG,0,0, , ,0,0,0, ,0, , ,10/03/1981,1955,35.48,-97.53, , ,"","",91
10107869,OKLAHOMA CO., ,10/31/1981,1500,Thunderstorm Wind,61, ,0,0,0,0,OK,CST, , ,C,109,NG,0,0, , ,0,0,0, ,0, , ,10/31/1981,1500,35.48,-97.53, , ,"","",92
10107876,OKLAHOMA CO., ,03/15/1982,1614,Hail,1.00, ,0,0,0,0,OK,CST, , ,C,109,RY,0,0, , ,0,0,0, ,0, , ,03/15/1982,1614,35.48,-97.53, , ,"","",93
10109001,OKLAHOMA CO., ,05/05/1982,1918,Hail,1.75, ,0,0,0,0,OK,CST, , ,C,109,ATA,0,0, , ,0,0,0, ,0, , ,05/05/1982,1918,35.48,-97.38, , ,"","",94
10109029,OKLAHOMA CO., ,05/12/1982,1954,Thunderstorm Wind,55, ,0,0,0,0,OK,CST, , ,C,109, ,0,0, , ,0,0,0, ,0, , ,05/12/1982,1954,35.48,-97.53, , ,"","",95
10105647,OKLAHOMA CO., ,05/20/1982,500,Hail,1.75, ,0,0,0,0,OK,CST, , ,C,109,ATA,0,0, , ,0,0,0, ,0, , ,05/20/1982,500,35.53,-97.42, , ,"","",96
10106799,OKLAHOMA CO., ,05/30/1982,2103,Thunderstorm Wind,64, ,0,0,0,0,OK,CST, , ,C,109, ,0,0, , ,0,0,0, ,0, , ,05/30/1982,2103,35.40,-97.60, , ,"","",97
10107675,OKLAHOMA CO., ,06/03/1982,900,Hail,1.75, ,0,0,0,0,OK,CST, , ,C,109, ,0,0, , ,0,0,0, ,0, , ,06/03/1982,900,35.65,-97.42, , ,"","",98
10107954,OKLAHOMA CO., ,06/24/1982,2330,Thunderstorm Wind,0, ,0,0,0,0,OK,CST, , ,C,109,ATA,0,0, , ,0,0,0, ,0, , ,06/24/1982,2330,35.52,-97.63, , ,"","",99
10109062,OKLAHOMA CO., ,09/12/1982,1615,Thunderstorm Wind,0, ,0,0,0,0,OK,CST, , ,C,109,MT,0,0, , ,0,0,0, ,0, , ,09/12/1982,1615,35.52,-97.60, , ,"","",100
10109063,OKLAHOMA CO., ,09/12/1982,1630,Thunderstorm Wind,0, ,0,0,0,0,OK,CST, , ,C,109,AT,0,0, , ,0,0,0, ,0, , ,09/12/1982,1630,35.48,-97.53, , ,"","",101
10109074,OKLAHOMA CO., ,09/14/1982,1745,Thunderstorm Wind,0, ,0,0,0,0,OK,CST, , ,C,109,AT,0,0, , ,0,0,0, ,0, , ,09/14/1982,1745,35.65,-97.48, , ,"","",102
10109076,OKLAHOMA CO., ,09/14/1982,1835,Hail,1.75, ,0,0,0,0,OK,CST, , ,C,109,T,0,0, , ,0,0,0, ,0, , ,09/14/1982,1835,35.65,-97.45, , ,"","",103
10109077,OKLAHOMA CO., ,09/14/1982,1835,Hail,1.75, ,0,0,0,0,OK,CST, , ,C,109,AT,0,0, , ,0,0,0, ,0, , ,09/14/1982,1835,35.48,-97.53, , ,"","",104
10109078,OKLAHOMA CO., ,09/14/1982,1840,Thunderstorm Wind,52, ,0,0,0,0,OK,CST, , ,C,109,T,0,0, , ,0,0,0, ,0, , ,09/14/1982,1840,35.48,-97.53, , ,"","",105
10109079,OKLAHOMA CO., ,09/14/1982,1905,Hail,1.75, ,0,0,0,0,OK,CST, , ,C,109,T,0,0, , ,0,0,0, ,0, , ,09/14/1982,1905,35.58,-97.63, , ,"","",106
10109080,OKLAHOMA CO., ,09/14/1982,1907,Hail,1.75, ,0,0,0,0,OK,CST, , ,C,109,T,0,0, , ,0,0,0, ,0, , ,09/14/1982,1907,35.48,-97.43, , ,"","",107
10109081,OKLAHOMA CO., ,09/14/1982,1910,Thunderstorm Wind,65, ,0,0,0,0,OK,CST, , ,C,109,AT,0,0, , ,0,0,0, ,0, , ,09/14/1982,1910,35.48,-97.53, , ,"","",108
10109090,OKLAHOMA CO., ,11/11/1982,1045,Thunderstorm Wind,0, ,0,0,0,0,OK,CST, , ,C,109,AT,0,0, , ,0,0,0, ,0, , ,11/11/1982,1045,35.48,-97.53, , ,"","",109
10109102,OKLAHOMA CO., ,12/01/1982,1747,Thunderstorm Wind,0, ,0,0,0,0,OK,CST, , ,C,109,AT,0,0, , ,0,0,0, ,0, , ,12/01/1982,1747,35.48,-97.17, , ,"","",110
10107993,OKLAHOMA CO., ,04/22/1983,1915,Hail,1.00, ,0,0,0,0,OK,CST, , ,C,109,AT,0,0, , ,0,0,0, ,0, , ,04/22/1983,1915,35.48,-97.53, , ,"","",111
10107994,OKLAHOMA CO., ,04/22/1983,1920,Hail,.75, ,0,0,0,0,OK,CST, , ,C,109,NG,0,0, , ,0,0,0, ,0, , ,04/22/1983,1920,35.52,-97.63, , ,"","",112
10105756,OKLAHOMA CO., ,05/13/1983,2030,Hail,2.00, ,0,0,0,0,OK,CST, , ,C,109,AT,0,0, , ,0,0,0, ,0, , ,05/13/1983,2030,35.40,-97.53, , ,"","",113
10105758,OKLAHOMA CO., ,05/13/1983,2043,Hail,1.00, ,0,0,0,0,OK,CST, , ,C,109,AT,0,0, , ,0,0,0, ,0, , ,05/13/1983,2043,35.45,-97.40, , ,"","",114
10106939,OKLAHOMA CO., ,05/27/1983,2252,Thunderstorm Wind,0, ,0,0,0,0,OK,CST, , ,C,109,AT,0,0, , ,0,0,0, ,0, , ,05/27/1983,2252,35.48,-97.53, , ,"","",115
10106940,OKLAHOMA CO., ,05/27/1983,2308,Thunderstorm Wind,61, ,0,0,0,0,OK,CST, , ,C,109,AT,0,0, , ,0,0,0, ,0, , ,05/27/1983,2308,35.48,-97.17, , ,"","",116
10108041,OKLAHOMA CO., ,06/27/1983,2025,Thunderstorm Wind,65, ,0,0,0,0,OK,CST, , ,C,109,AT,0,0, , ,0,0,0, ,0, , ,06/27/1983,2025,35.48,-97.53, , ,"","",117
10108045,OKLAHOMA CO., ,06/27/1983,2030,Thunderstorm Wind,0, ,0,0,0,0,OK,CST, , ,C,109,NG,0,0, , ,0,0,0, ,0, , ,06/27/1983,2030,35.48,-97.17, , ,"","",118
10109194,OKLAHOMA CO., ,07/30/1983,1717,Thunderstorm Wind,52, ,0,0,0,0,OK,CST, , ,C,109,AT,0,0, , ,0,0,0, ,0, , ,07/30/1983,1717,35.42,-97.38, , ,"","",119
10109195,OKLAHOMA CO., ,07/30/1983,1720,Thunderstorm Wind,0, ,0,0,0,0,OK,CST, , ,C,109,T,0,0, , ,0,0,0, ,0, , ,07/30/1983,1720,35.48,-97.17, , ,"","",120
10109196,OKLAHOMA CO., ,07/30/1983,1730,Thunderstorm Wind,0, ,0,0,0,0,OK,CST, , ,C,109,AT,0,0, , ,0,0,0, ,0, , ,07/30/1983,1730,35.50,-97.33, , ,"","",121
10105820,OKLAHOMA CO., ,11/18/1983,2020,Hail,1.75, ,0,0,0,0,OK,CST, , ,C,109,ST,0,0, , ,0,0,0, ,0, , ,11/18/1983,2020,35.52,-97.63, , ,"","",122
10105827,OKLAHOMA CO., ,11/18/1983,2312,Thunderstorm Wind,61, ,0,0,0,0,OK,CST, , ,C,109,AT,0,0, , ,0,0,0, ,0, , ,11/18/1983,2312,35.43,-97.27, , ,"","",123
10105837,OKLAHOMA CO., ,11/22/1983,1306,Hail,1.00, ,0,0,0,0,OK,CST, , ,C,109,NG,0,0, , ,0,0,0, ,0, , ,11/22/1983,1306,35.38,-97.58, , ,"","",124
10105838,OKLAHOMA CO., ,11/22/1983,1313,Hail,1.75, ,0,0,0,0,OK,CST, , ,C,109,MT,0,0, , ,0,0,0, ,0, , ,11/22/1983,1313,35.52,-97.38, , ,"","",125
10105839,OKLAHOMA CO., ,11/22/1983,1315,Hail,2.00, ,0,0,0,0,OK,CST, , ,C,109,TA,0,0, , ,0,0,0, ,0, , ,11/22/1983,1315,35.45,-97.40, , ,"","",126
10105840,OKLAHOMA CO., ,11/22/1983,1315,Thunderstorm Wind,0, ,0,0,0,0,OK,CST, , ,C,109,AT,0,0, , ,0,0,0, ,0, , ,11/22/1983,1315,35.45,-97.40, , ,"","",127
10105842,OKLAHOMA CO., ,11/22/1983,1335,Hail,2.00, ,0,0,0,0,OK,CST, , ,C,109,AT,0,0, , ,0,0,0, ,0, , ,11/22/1983,1335,35.45,-97.40, , ,"","",128
10105843,OKLAHOMA CO., ,11/22/1983,1335,Thunderstorm Wind,0, ,0,0,0,0,OK,CST, , ,C,109,AT,0,0, , ,0,0,0, ,0, , ,11/22/1983,1335,35.45,-97.40, , ,"","",129
10106984,OKLAHOMA CO., ,02/25/1984,2005,Hail,1.25, ,0,0,0,0,OK,CST, , ,C,109,AT,0,0, , ,0,0,0, ,0, , ,02/25/1984,2005,35.48,-97.53, , ,"","",130
10106985,OKLAHOMA CO., ,02/25/1984,2006,Hail,1.00, ,0,0,0,0,OK,CST, , ,C,109,NG,0,0, , ,0,0,0, ,0, , ,02/25/1984,2006,35.67,-97.20, , ,"","",131
10106986,OKLAHOMA CO., ,02/25/1984,2020,Thunderstorm Wind,0, ,0,0,0,0,OK,CST, , ,C,109,AT,0,0, , ,0,0,0, ,0, , ,02/25/1984,2020,35.57,-97.28, , ,"","",132
10106987,OKLAHOMA CO., ,02/25/1984,2025,Hail,.75, ,0,0,0,0,OK,CST, , ,C,109,AT,0,0, , ,0,0,0, ,0, , ,02/25/1984,2025,35.67,-97.20, , ,"","",133
10106988,OKLAHOMA CO., ,02/25/1984,2025,Thunderstorm Wind,0, ,0,0,0,0,OK,CST, , ,C,109,AT,0,0, , ,0,0,0, ,0, , ,02/25/1984,2025,35.67,-97.20, , ,"","",134
10106990,OKLAHOMA CO., ,02/25/1984,2036,Thunderstorm Wind,0, ,0,0,0,0,OK,CST, , ,C,109,T,0,0, , ,0,0,0, ,0, , ,02/25/1984,2036,35.65,-97.38, , ,"","",135
10109263,OKLAHOMA CO., ,04/20/1984,1630,Hail,1.75, ,0,0,0,0,OK,CST, , ,C,109,NG,0,0, , ,0,0,0, ,0, , ,04/20/1984,1630,35.48,-97.53, , ,"","",136
10109265,OKLAHOMA CO., ,04/20/1984,1636,Hail,1.00, ,0,0,0,0,OK,CST, , ,C,109,AT,0,0, , ,0,0,0, ,0, , ,04/20/1984,1636,35.48,-97.53, , ,"","",137
10109308,OKLAHOMA CO., ,04/26/1984,1750,Thunderstorm Wind,52, ,0,0,0,0,OK,CST, , ,C,109,AT,0,0, , ,0,0,0, ,0, , ,04/26/1984,1750,35.65,-97.48, , ,"","",138
10105901,OKLAHOMA CO., ,04/26/1984,2100,Thunderstorm Wind,63, ,0,0,0,0,OK,CST, , ,C,109,AT,0,0, , ,0,0,0, ,0, , ,04/26/1984,2100,35.48,-97.53, , ,"","",139
10105906,OKLAHOMA CO., ,04/26/1984,2120,Hail,1.00, ,0,0,0,0,OK,CST, , ,C,109,AT,0,0, , ,0,0,0, ,0, , ,04/26/1984,2120,35.52,-97.63, , ,"","",140
10105908,OKLAHOMA CO., ,04/26/1984,2136,Hail,1.00, ,0,0,0,0,OK,CST, , ,C,109,S,0,0, , ,0,0,0, ,0, , ,04/26/1984,2136,35.42,-97.38, , ,"","",141
10105946,OKLAHOMA CO., ,04/29/1984,956,Thunderstorm Wind,61, ,0,0,0,0,OK,CST, , ,C,109,T,0,0, , ,0,0,0, ,0, , ,04/29/1984,956,35.60,-97.55, , ,"","",142
10107084,OKLAHOMA CO., ,05/05/1984,345,Hail,.75, ,0,0,0,0,OK,CST, , ,C,109,ATA,0,0, , ,0,0,0, ,0, , ,05/05/1984,345,35.65,-97.48, , ,"","",143
10107085,OKLAHOMA CO., ,05/05/1984,410,Hail,1.25, ,0,0,0,0,OK,CST, , ,C,109,T,0,0, , ,0,0,0, ,0, , ,05/05/1984,410,35.65,-97.48, , ,"","",144
10108189,OKLAHOMA CO., ,05/26/1984,1551,Hail,.75, ,0,0,0,0,OK,CST, , ,C,109,T,0,0, , ,0,0,0, ,0, , ,05/26/1984,1551,35.57,-97.28, , ,"","",145
10108216,OKLAHOMA CO., ,05/27/1984,1645,Hail,1.75, ,0,0,0,0,OK,CST, , ,C,109,T,0,0, , ,0,0,0, ,0, , ,05/27/1984,1645,35.48,-97.17, , ,"","",146
10108217,OKLAHOMA CO., ,05/27/1984,1700,Hail,.75, ,0,0,0,0,OK,CST, , ,C,109,T,0,0, , ,0,0,0, ,0, , ,05/27/1984,1700,35.45,-97.40, , ,"","",147
10109356,OKLAHOMA CO., ,06/18/1984,1730,Hail,.75, ,0,0,0,0,OK,CST, , ,C,109,T,0,0, , ,0,0,0, ,0, , ,06/18/1984,1730,35.48,-97.53, , ,"","",148
10109390,OKLAHOMA CO., ,06/29/1984,103,Thunderstorm Wind,57, ,0,0,0,0,OK,CST, , ,C,109,S,0,0, , ,0,0,0, ,0, , ,06/29/1984,103,35.48,-97.53, , ,"","",149
10109391,OKLAHOMA CO., ,06/29/1984,110,Hail,1.75, ,0,0,0,0,OK,CST, , ,C,109,T,0,0, , ,0,0,0, ,0, , ,06/29/1984,110,35.48,-97.53, , ,"","",150
10108269,OKLAHOMA CO., ,08/05/1984,630,Thunderstorm Wind,0, ,0,0,0,0,OK,CST, , ,C,109,AT,0,0, , ,0,0,0, ,0, , ,08/05/1984,630,35.65,-97.48, , ,"","",151
10108315,OKLAHOMA CO., ,08/29/1984,2052,Hail,.75, ,0,0,0,0,OK,CST, , ,C,109,AT,0,0, , ,0,0,0, ,0, , ,08/29/1984,2052,35.48,-97.53, , ,"","",152
10109176,OKLAHOMA CO., ,08/29/1984,2114,Hail,.75, ,0,0,0,0,OK,CST, , ,C,109,R,0,0, , ,0,0,0, ,0, , ,08/29/1984,2114,35.52,-97.60, , ,"","",153
10109179,OKLAHOMA CO., ,08/29/1984,2135,Thunderstorm Wind,56, ,0,0,0,0,OK,CST, , ,C,109,AT,0,0, , ,0,0,0, ,0, , ,08/29/1984,2135,35.48,-97.53, , ,"","",154
10109184,OKLAHOMA CO., ,09/08/1984,1638,Hail,.75, ,0,0,0,0,OK,CST, , ,C,109,AT,0,0, , ,0,0,0, ,0, , ,09/08/1984,1638,35.50,-97.27, , ,"","",155
10109185,OKLAHOMA CO., ,09/08/1984,1655,Hail,.75, ,0,0,0,0,OK,CST, , ,C,109,MT,0,0, , ,0,0,0, ,0, , ,09/08/1984,1655,35.48,-97.17, , ,"","",156
10109186,OKLAHOMA CO., ,09/08/1984,1710,Hail,1.75, ,0,0,0,0,OK,CST, , ,C,109,MT,0,0, , ,0,0,0, ,0, , ,09/08/1984,1710,35.45,-97.43, , ,"","",157
10109405,OKLAHOMA CO., ,09/08/1984,1722,Hail,3.00, ,0,0,0,0,OK,CST, , ,C,109,MT,0,0, , ,0,0,0, ,0, , ,09/08/1984,1722,35.48,-97.17, , ,"","",158
10106043,OKLAHOMA CO., ,03/03/1985,1923,Thunderstorm Wind,54, ,0,0,0,0,OK,CST, , ,C,109,MT,0,0, , ,0,0,0, ,0, , ,03/03/1985,1923,35.40,-97.60, , ,"","",159
10106044,OKLAHOMA CO., ,03/03/1985,2010,Thunderstorm Wind,0, ,0,0,0,0,OK,CST, , ,C,109,R,0,0, , ,0,0,0, ,0, , ,03/03/1985,2010,35.45,-97.40, , ,"","",160
10106960,OKLAHOMA CO., ,04/04/1985,2212,Thunderstorm Wind,58, ,0,0,0,0,OK,CST, , ,C,109,R,0,0, , ,0,0,0, ,0, , ,04/04/1985,2212,35.65,-97.48, , ,"","",161
10106961,OKLAHOMA CO., ,04/04/1985,2240,Hail,.75, ,0,0,0,0,OK,CST, , ,C,109,AT,0,0, , ,0,0,0, ,0, , ,04/04/1985,2240,35.50,-97.27, , ,"","",162
10106319,OKLAHOMA CO., ,04/22/1985,1812,Hail,1.75, ,0,0,0,0,OK,CST, , ,C,109,AT,0,0, , ,0,0,0, ,0, , ,04/22/1985,1812,35.65,-97.65, , ,"","",163
10106538,OKLAHOMA CO., ,04/22/1985,1830,Hail,1.75, ,0,0,0,0,OK,CST, , ,C,109,AT,0,0, , ,0,0,0, ,0, , ,04/22/1985,1830,35.72,-97.55, , ,"","",164
10108109,OKLAHOMA CO., ,05/07/1985,340,Hail,1.00, ,0,0,0,0,OK,CST, , ,C,109,AT,0,0, , ,0,0,0, ,0, , ,05/07/1985,340,35.48,-97.53, , ,"","",165
10108333,OKLAHOMA CO., ,05/12/1985,1807,Hail,4.00, ,0,0,0,0,OK,CST, , ,C,109,AT,0,0, , ,0,0,0, ,0, , ,05/12/1985,1807,35.45,-97.53, , ,"","",166
10108336,OKLAHOMA CO., ,05/12/1985,1830,Hail,1.00, ,0,0,0,0,OK,CST, , ,C,109,R,0,0, , ,0,0,0, ,0, , ,05/12/1985,1830,35.48,-97.53, , ,"","",167
10108349,OKLAHOMA CO., ,05/12/1985,2035,Hail,1.00, ,0,0,0,0,OK,CST, , ,C,109,AT,0,0, , ,0,0,0, ,0, , ,05/12/1985,2035,35.40,-97.17, , ,"","",168
10108361,OKLAHOMA CO., ,05/13/1985,952,Thunderstorm Wind,0, ,0,0,0,0,OK,CST, , ,C,109,AT,0,0, , ,0,0,0, ,0, , ,05/13/1985,952,35.65,-97.50, , ,"","",169
10108384,OKLAHOMA CO., ,05/13/1985,1930,Hail,.75, ,0,0,0,0,OK,CST, , ,C,109,AT,0,0, , ,0,0,0, ,0, , ,05/13/1985,1930,35.65,-97.48, , ,"","",170
10109533,OKLAHOMA CO., ,05/26/1985,2200,Hail,3.25, ,0,0,0,0,OK,CST, , ,C,109,MT,0,0, , ,0,0,0, ,0, , ,05/26/1985,2200,35.68,-97.48, , ,"","",171
10109536,OKLAHOMA CO., ,05/26/1985,2234,Hail,1.75, ,0,0,0,0,OK,CST, , ,C,109,AT,0,0, , ,0,0,0, ,0, , ,05/26/1985,2234,35.67,-97.20, , ,"","",172
10109537,OKLAHOMA CO., ,05/26/1985,2235,Hail,1.75, ,0,0,0,0,OK,CST, , ,C,109,AT,0,0, , ,0,0,0, ,0, , ,05/26/1985,2235,35.48,-97.17, , ,"","",173
10107031,OKLAHOMA CO., ,06/04/1985,1505,Thunderstorm Wind,56, ,0,0,0,0,OK,CST, , ,C,109,AT,0,0, , ,0,0,0, ,0, , ,06/04/1985,1505,35.65,-97.48, , ,"","",174
10107032,OKLAHOMA CO., ,06/04/1985,1515,Hail,.75, ,0,0,0,0,OK,CST, , ,C,109,AT,0,0, , ,0,0,0, ,0, , ,06/04/1985,1515,35.65,-97.48, , ,"","",175
10107266,OKLAHOMA CO., ,06/10/1985,2247,Thunderstorm Wind,51, ,0,0,0,0,OK,CST, , ,C,109,AT,0,0, , ,0,0,0, ,0, , ,06/10/1985,2247,35.40,-97.60, , ,"","",176
10108408,OKLAHOMA CO., ,07/04/1985,2315,Thunderstorm Wind,0, ,0,0,0,0,OK,CST, , ,C,109,AT,0,0, , ,0,0,0, ,0, , ,07/04/1985,2315,35.57,-97.28, , ,"","",177
10108421,OKLAHOMA CO., ,07/15/1985,1545,Hail,.88, ,0,0,0,0,OK,CST, , ,C,109,AT,0,0, , ,0,0,0, ,0, , ,07/15/1985,1545,35.50,-97.33, , ,"","",178
10108430,OKLAHOMA CO., ,07/24/1985,2215,Thunderstorm Wind,0, ,0,0,0,0,OK,CST, , ,C,109,AT,0,0, , ,0,0,0, ,0, , ,07/24/1985,2215,35.53,-97.58, , ,"","",179
10109599,OKLAHOMA CO., ,09/22/1985,1642,Hail,1.50, ,0,0,0,0,OK,CST, , ,C,109,AT,0,0, , ,0,0,0, ,0, , ,09/22/1985,1642,35.52,-97.63, , ,"","",180
10109600,OKLAHOMA CO., ,09/22/1985,1646,Hail,4.00, ,0,0,0,0,OK,CST, , ,C,109,AT,0,0, , ,0,0,0, ,0, , ,09/22/1985,1646,35.72,-97.48, , ,"","",181
10109602,OKLAHOMA CO., ,09/22/1985,1646,Thunderstorm Wind,0, ,0,0,0,0,OK,CST, , ,C,109,AT,0,0, , ,0,0,0, ,0, , ,09/22/1985,1646,35.72,-97.48, , ,"","",182
10109609,OKLAHOMA CO., ,09/22/1985,1740,Hail,2.75, ,0,0,0,0,OK,CST, , ,C,109,AT,0,0, , ,0,0,0, ,0, , ,09/22/1985,1740,35.67,-97.20, , ,"","",183
10106180,OKLAHOMA CO., ,09/22/1985,1939,Hail,2.75, ,0,0,0,0,OK,CST, , ,C,109,AT,0,0, , ,0,0,0, ,0, , ,09/22/1985,1939,35.45,-97.27, , ,"","",184
10106189,OKLAHOMA CO., ,09/22/1985,2136,Hail,1.75, ,0,0,0,0,OK,CST, , ,C,109,AT,0,0, , ,0,0,0, ,0, , ,09/22/1985,2136,35.48,-97.53, , ,"","",185
10106190,OKLAHOMA CO., ,09/22/1985,2150,Thunderstorm Wind,74, ,0,0,0,0,OK,CST, , ,C,109,AT,0,0, , ,0,0,0, ,0, , ,09/22/1985,2150,35.48,-97.53, , ,"","",186
10106199,OKLAHOMA CO., ,10/14/1985,30,Thunderstorm Wind,52, ,0,0,0,0,OK,CST, , ,C,109,AT,0,0, , ,0,0,0, ,0, , ,10/14/1985,30,35.67,-97.20, , ,"","",187
10106209,OKLAHOMA CO., ,11/13/1985,1140,Hail,.75, ,0,0,0,0,OK,CST, , ,C,109,AT,0,0, , ,0,0,0, ,0, , ,11/13/1985,1140,35.53,-97.43, , ,"","",188
10106210,OKLAHOMA CO., ,11/13/1985,1200,Hail,.75, ,0,0,0,0,OK,CST, , ,C,109,R,0,0, , ,0,0,0, ,0, , ,11/13/1985,1200,35.40,-97.17, , ,"","",189
10106211,OKLAHOMA CO., ,11/13/1985,1200,Hail,.75, ,0,0,0,0,OK,CST, , ,C,109,AT,0,0, , ,0,0,0, ,0, , ,11/13/1985,1200,35.53,-97.43, , ,"","",190
10106213,OKLAHOMA CO., ,11/13/1985,1215,Hail,.75, ,0,0,0,0,OK,CST, , ,C,109,AT,0,0, , ,0,0,0, ,0, , ,11/13/1985,1215,35.53,-97.43, , ,"","",191
10109397,OKLAHOMA CO., ,04/03/1986,1120,Hail,1.75, ,0,0,0,0,OK,CST, , ,C,109,OKC,0,0, , ,0,0,0, ,0, , ,04/03/1986,1120,35.53,-97.42, , ,"","",192
10109400,OKLAHOMA CO., ,04/03/1986,1200,Hail,1.00, ,0,0,0,0,OK,CST, , ,C,109,OKC,0,0, , ,0,0,0, ,0, , ,04/03/1986,1200,35.48,-97.53, , ,"","",193
10109629,OKLAHOMA CO., ,04/03/1986,1309,Hail,1.50, ,0,0,0,0,OK,CST, , ,C,109,OKC,0,0, , ,0,0,0, ,0, , ,04/03/1986,1309,35.53,-97.42, , ,"","",194
10109672,OKLAHOMA CO., ,04/05/1986,1805,Hail,.75, ,0,0,0,0,OK,CST, , ,C,109,OKC,0,0, , ,0,0,0, ,0, , ,04/05/1986,1805,35.53,-97.42, , ,"","",195
10105674,OKLAHOMA CO., ,05/08/1986,1724,Hail,2.75, ,0,0,0,0,OK,CST, , ,C,109,OKC,0,0, , ,0,0,0, ,0, , ,05/08/1986,1724,35.53,-97.42, , ,"","",196
10105676,OKLAHOMA CO., ,05/08/1986,1747,Hail,1.75, ,0,0,0,0,OK,CST, , ,C,109,OKC,0,0, , ,0,0,0, ,0, , ,05/08/1986,1747,35.52,-97.63, , ,"","",197
10105675,OKLAHOMA CO., ,05/08/1986,1747,Hail,2.75, ,0,0,0,0,OK,CST, , ,C,109,OKC,0,0, , ,0,0,0, ,0, , ,05/08/1986,1747,35.53,-97.42, , ,"","",198
10105679,OKLAHOMA CO., ,05/08/1986,1812,Tornado,0,F3,0,15,25000000,0,OK,CST, , ,C,109, ,0,0, , ,4,200,0, ,0, , ,05/08/1986,1812,35.48,-97.53,35.65,-97.48,"","",199
10105680,OKLAHOMA CO., ,05/08/1986,1821,Tornado,0,F1,0,0,250000,0,OK,CST, , ,C,109, ,0,0, , ,7,50,0, ,0, , ,05/08/1986,1821,35.65,-97.48,35.73,-97.38,"","",200
10105681,OKLAHOMA CO., ,05/08/1986,1855,Hail,.88, ,0,0,0,0,OK,CST, , ,C,109,OKC,0,0, , ,0,0,0, ,0, , ,05/08/1986,1855,35.48,-97.53, , ,"","",201
10105683,OKLAHOMA CO., ,05/08/1986,1948,Hail,1.25, ,0,0,0,0,OK,CST, , ,C,109,OKC,0,0, , ,0,0,0, ,0, , ,05/08/1986,1948,35.53,-97.42, , ,"","",202
10105684,OKLAHOMA CO., ,05/08/1986,2011,Hail,1.25, ,0,0,0,0,OK,CST, , ,C,109,OKC,0,0, , ,0,0,0, ,0, , ,05/08/1986,2011,35.53,-97.42, , ,"","",203
10105708,OKLAHOMA CO., ,05/10/1986,1455,Hail,1.00, ,0,0,0,0,OK,CST, , ,C,109,OKC,0,0, , ,0,0,0, ,0, , ,05/10/1986,1455,35.48,-97.53, , ,"","",204
10105711,OKLAHOMA CO., ,05/10/1986,1515,Hail,.75, ,0,0,0,0,OK,CST, , ,C,109,OKC,0,0, , ,0,0,0, ,0, , ,05/10/1986,1515,35.53,-97.42, , ,"","",205
10105712,OKLAHOMA CO., ,05/10/1986,1515,Hail,.75, ,0,0,0,0,OK,CST, , ,C,109,OKC,0,0, , ,0,0,0, ,0, , ,05/10/1986,1515,35.52,-97.60, , ,"","",206
10105715,OKLAHOMA CO., ,05/10/1986,1555,Hail,1.75, ,0,0,0,0,OK,CST, , ,C,109,OKC,0,0, , ,0,0,0, ,0, , ,05/10/1986,1555,35.53,-97.42, , ,"","",207
10106831,OKLAHOMA CO., ,05/14/1986,1015,Hail,.88, ,0,0,0,0,OK,CST, , ,C,109,OKC,0,0, , ,0,0,0, ,0, , ,05/14/1986,1015,35.53,-97.42, , ,"","",208
10106833,OKLAHOMA CO., ,05/14/1986,1015,Hail,.88, ,0,0,0,0,OK,CST, , ,C,109,OKC,0,0, , ,0,0,0, ,0, , ,05/14/1986,1015,35.52,-97.60, , ,"","",209
10106839,OKLAHOMA CO., ,05/14/1986,1043,Hail,.75, ,0,0,0,0,OK,CST, , ,C,109,OKC,0,0, , ,0,0,0, ,0, , ,05/14/1986,1043,35.53,-97.42, , ,"","",210
10106866,OKLAHOMA CO., ,05/14/1986,1317,Hail,.75, ,0,0,0,0,OK,CST, , ,C,109,OKC,0,0, , ,0,0,0, ,0, , ,05/14/1986,1317,35.53,-97.42, , ,"","",211
10106878,OKLAHOMA CO., ,05/14/1986,1405,Tornado,0,F1,0,0,0,0,OK,CST, , ,C,109, ,0,0, , ,.2,50,0, ,0, , ,05/14/1986,1405,35.53,-97.22, , ,"","",212
10107471,OKLAHOMA CO., ,05/14/1986,1508,Hail,1.50, ,0,0,0,0,OK,CST, , ,C,109,OKC,0,0, , ,0,0,0, ,0, , ,05/14/1986,1508,35.53,-97.42, , ,"","",213
10107474,OKLAHOMA CO., ,05/14/1986,1512,Hail,.75, ,0,0,0,0,OK,CST, , ,C,109,OKC,0,0, , ,0,0,0, ,0, , ,05/14/1986,1512,35.40,-97.60, , ,"","",214
10108648,OKLAHOMA CO., ,05/16/1986,2050,Thunderstorm Wind,0, ,0,0,0,0,OK,CST, , ,C,109,OKC,0,0, , ,0,0,0, ,0, , ,05/16/1986,2050,35.53,-97.42, , ,"","",215
10108653,OKLAHOMA CO., ,05/16/1986,2144,Tornado,0,F1,0,0,2500000,0,OK,CST, , ,C,109, ,0,0, , ,2,50,0, ,0, , ,05/16/1986,2144,35.45,-97.45, , ,"","",216
10108656,OKLAHOMA CO., ,05/16/1986,2206,Thunderstorm Wind,52, ,0,0,0,0,OK,CST, , ,C,109,OKC,0,0, , ,0,0,0, ,0, , ,05/16/1986,2206,35.40,-97.60, , ,"","",217
10108657,OKLAHOMA CO., ,05/16/1986,2215,Hail,.75, ,0,0,0,0,OK,CST, , ,C,109,OKC,0,0, , ,0,0,0, ,0, , ,05/16/1986,2215,35.53,-97.42, , ,"","",218
10105302,OKLAHOMA CO., ,06/10/1986,1500,Hail,1.75, ,0,0,0,0,OK,CST, , ,C,109,OKC,0,0, , ,0,0,0, ,0, , ,06/10/1986,1500,35.53,-97.42, , ,"","",219
10105306,OKLAHOMA CO., ,06/10/1986,1515,Hail,.88, ,0,0,0,0,OK,CST, , ,C,109,OKC,0,0, , ,0,0,0, ,0, , ,06/10/1986,1515,35.53,-97.42, , ,"","",220
10106170,OKLAHOMA CO., ,06/10/1986,1640,Thunderstorm Wind,0, ,0,0,0,0,OK,CST, , ,C,109,OKC,0,0, , ,0,0,0, ,0, , ,06/10/1986,1640,35.53,-97.42, , ,"","",221
10106405,OKLAHOMA CO., ,06/14/1986,1607,Hail,.75, ,0,0,0,0,OK,CST, , ,C,109,OKC,0,0, , ,0,0,0, ,0, , ,06/14/1986,1607,35.53,-97.42, , ,"","",222
10106407,OKLAHOMA CO., ,06/14/1986,1625,Hail,.75, ,0,0,0,0,OK,CST, , ,C,109,OKC,0,0, , ,0,0,0, ,0, , ,06/14/1986,1625,35.53,-97.42, , ,"","",223
10106421,OKLAHOMA CO., ,06/16/1986,745,Hail,.88, ,0,0,0,0,OK,CST, , ,C,109,OKC,0,0, , ,0,0,0, ,0, , ,06/16/1986,745,35.53,-97.42, , ,"","",224
10106425,OKLAHOMA CO., ,06/23/1986,1331,Hail,1.25, ,0,0,0,0,OK,CST, , ,C,109,OKC,0,0, , ,0,0,0, ,0, , ,06/23/1986,1331,35.53,-97.42, , ,"","",225
10106486,OKLAHOMA CO., ,09/16/1986,1617,Hail,.75, ,0,0,0,0,OK,CST, , ,C,109,OKC,0,0, , ,0,0,0, ,0, , ,09/16/1986,1617,35.65,-97.48, , ,"","",226
10106491,OKLAHOMA CO., ,09/26/1986,1156,Hail,.75, ,0,0,0,0,OK,CST, , ,C,109,OKC,0,0, , ,0,0,0, ,0, , ,09/26/1986,1156,35.53,-97.42, , ,"","",227
10106492,OKLAHOMA CO., ,09/26/1986,1156,Hail,.75, ,0,0,0,0,OK,CST, , ,C,109,OKC,0,0, , ,0,0,0, ,0, , ,09/26/1986,1156,35.40,-97.60, , ,"","",228
10106508,OKLAHOMA CO., ,09/26/1986,1930,Hail,.88, ,0,0,0,0,OK,CST, , ,C,109,OKC,0,0, , ,0,0,0, ,0, , ,09/26/1986,1930,35.53,-97.42, , ,"","",229
10106509,OKLAHOMA CO., ,09/26/1986,1958,Hail,.75, ,0,0,0,0,OK,CST, , ,C,109,OKC,0,0, , ,0,0,0, ,0, , ,09/26/1986,1958,35.53,-97.42, , ,"","",230
10106510,OKLAHOMA CO., ,09/26/1986,2050,Hail,.75, ,0,0,0,0,OK,CST, , ,C,109,OKC,0,0, , ,0,0,0, ,0, , ,09/26/1986,2050,35.53,-97.42, , ,"","",231
10106518,OKLAHOMA CO., ,09/27/1986,555,Thunderstorm Wind,58, ,0,0,0,0,OK,CST, , ,C,109,OKC,0,0, , ,0,0,0, ,0, , ,09/27/1986,555,35.48,-97.53, , ,"","",232
10106523,OKLAHOMA CO., ,09/29/1986,520,Thunderstorm Wind,0, ,0,0,0,0,OK,CST, , ,C,109,OKC,0,0, , ,0,0,0, ,0, , ,09/29/1986,520,35.53,-97.42, , ,"","",233
10109690,OKLAHOMA CO., ,09/29/1986,1430,Hail,.88, ,0,0,0,0,OK,CST, , ,C,109,OKC,0,0, , ,0,0,0, ,0, , ,09/29/1986,1430,35.53,-97.42, , ,"","",234
10109691,OKLAHOMA CO., ,09/29/1986,1525,Tornado,0,F2,0,0,250000,0,OK,CST, , ,C,109, ,0,0, , ,5,100,0, ,0, , ,09/29/1986,1525,35.50,-97.20,35.50,-97.15,"","",235
10109692,OKLAHOMA CO., ,09/29/1986,1530,Tornado,0,F2,0,0,0,0,OK,CST, , ,C,109, ,0,0, , ,.1,73,0, ,0, , ,09/29/1986,1530,35.45,-97.40, , ,"","",236
10105137,OKLAHOMA CO., ,09/30/1986,2300,Hail,2.75, ,0,0,0,0,OK,CST, , ,C,109,OKC,0,0, , ,0,0,0, ,0, , ,09/30/1986,2300,35.48,-97.53, , ,"","",237
10105140,OKLAHOMA CO., ,09/30/1986,2323,Thunderstorm Wind,0, ,0,0,0,0,OK,CST, , ,C,109,OKC,0,0, , ,0,0,0, ,0, , ,09/30/1986,2323,35.53,-97.42, , ,"","",238
10105156,OKLAHOMA CO., ,10/02/1986,907,Tornado,0,F1,0,0,2500000,0,OK,CST, , ,C,109, ,0,0, , ,2,150,0, ,0, , ,10/02/1986,907,35.57,-97.60, , ,"","",239
10105157,OKLAHOMA CO., ,10/02/1986,922,Thunderstorm Wind,61, ,0,0,0,0,OK,CST, , ,C,109,OKC,0,0, , ,0,0,0, ,0, , ,10/02/1986,922,35.65,-97.50, , ,"","",240
10108687,OKLAHOMA CO., ,02/14/1987,1920,Hail,.75, ,0,0,0,0,OK,CST, , ,C,109,OKC,0,0, , ,0,0,0, ,0, , ,02/14/1987,1920,35.62,-97.53, , ,"","",241
10108786,OKLAHOMA CO., ,04/20/1987,2037,Hail,.88, ,0,0,0,0,OK,CST, , ,C,109,OKC,0,0, , ,0,0,0, ,0, , ,04/20/1987,2037,35.45,-97.40, , ,"","",242
10108817,OKLAHOMA CO., ,05/19/1987,1800,Thunderstorm Wind,0, ,0,0,0,0,OK,CST, , ,C,109,OKC,0,0, , ,0,0,0, ,0, , ,05/19/1987,1800,35.48,-97.50, , ,"","",243
10107389,OKLAHOMA CO., ,05/20/1987,2045,Hail,1.75, ,0,0,0,0,OK,CST, , ,C,109,OKC,0,0, , ,0,0,0, ,0, , ,05/20/1987,2045,35.45,-97.45, , ,"","",244
10107612,OKLAHOMA CO., ,05/21/1987,1700,Hail,1.75, ,0,0,0,0,OK,CST, , ,C,109,OKC,0,0, , ,0,0,0, ,0, , ,05/21/1987,1700,35.65,-97.48, , ,"","",245
10107618,OKLAHOMA CO., ,05/21/1987,1737,Hail,1.25, ,0,0,0,0,OK,CST, , ,C,109,OKC,0,0, , ,0,0,0, ,0, , ,05/21/1987,1737,35.65,-97.42, , ,"","",246
10107624,OKLAHOMA CO., ,05/21/1987,1820,Hail,.75, ,0,0,0,0,OK,CST, , ,C,109,OKC,0,0, , ,0,0,0, ,0, , ,05/21/1987,1820,35.65,-97.50, , ,"","",247
10107632,OKLAHOMA CO., ,05/21/1987,1905,Hail,1.75, ,0,0,0,0,OK,CST, , ,C,109,OKC,0,0, , ,0,0,0, ,0, , ,05/21/1987,1905,35.48,-97.53, , ,"","",248
10107634,OKLAHOMA CO., ,05/21/1987,1927,Hail,.75, ,0,0,0,0,OK,CST, , ,C,109,OKC,0,0, , ,0,0,0, ,0, , ,05/21/1987,1927,35.48,-97.53, , ,"","",249
10107637,OKLAHOMA CO., ,05/21/1987,1945,Hail,.75, ,0,0,0,0,OK,CST, , ,C,109,OKC,0,0, , ,0,0,0, ,0, , ,05/21/1987,1945,35.65,-97.55, , ,"","",250
10107643,OKLAHOMA CO., ,05/21/1987,2300,Hail,.88, ,0,0,0,0,OK,CST, , ,C,109,OKC,0,0, , ,0,0,0, ,0, , ,05/21/1987,2300,35.57,-97.45, , ,"","",251
10107671,OKLAHOMA CO., ,05/31/1987,1150,Hail,.75, ,0,0,0,0,OK,CST, , ,C,109,OKC,0,0, , ,0,0,0, ,0, , ,05/31/1987,1150,35.48,-97.53, , ,"","",252
10107673,OKLAHOMA CO., ,05/31/1987,1205,Hail,.75, ,0,0,0,0,OK,CST, , ,C,109,OKC,0,0, , ,0,0,0, ,0, , ,05/31/1987,1205,35.65,-97.48, , ,"","",253
10109613,OKLAHOMA CO., ,05/31/1987,1335,Hail,.75, ,0,0,0,0,OK,CST, , ,C,109,OKC,0,0, , ,0,0,0, ,0, , ,05/31/1987,1335,35.65,-97.48, , ,"","",254
10109615,OKLAHOMA CO., ,05/31/1987,1435,Hail,.75, ,0,0,0,0,OK,CST, , ,C,109,OKC,0,0, , ,0,0,0, ,0, , ,05/31/1987,1435,35.65,-97.48, , ,"","",255
10109617,OKLAHOMA CO., ,05/31/1987,1510,Thunderstorm Wind,0, ,0,0,0,0,OK,CST, , ,C,109,OKC,0,0, , ,0,0,0, ,0, , ,05/31/1987,1510,35.57,-97.28, , ,"","",256
10109618,OKLAHOMA CO., ,05/31/1987,1532,Hail,.88, ,0,0,0,0,OK,CST, , ,C,109,OKC,0,0, , ,0,0,0, ,0, , ,05/31/1987,1532,35.57,-97.28, , ,"","",257
10101329,OKLAHOMA CO., ,06/17/1987,2155,Thunderstorm Wind,0, ,0,0,0,0,OK,CST, , ,C,109,OKC,0,0, , ,0,0,0, ,0, , ,06/17/1987,2155,35.48,-97.53, , ,"","",258
10101579,OKLAHOMA CO., ,06/19/1987,1800,Thunderstorm Wind,0, ,0,0,0,0,OK,CST, , ,C,109,OKC,0,0, , ,0,0,0, ,0, , ,06/19/1987,1800,35.73,-97.53, , ,"","",259
10102686,OKLAHOMA CO., ,07/02/1987,421,Hail,.88, ,0,0,0,0,OK,CST, , ,C,109,OKC,0,0, , ,0,0,0, ,0, , ,07/02/1987,421,35.48,-97.53, , ,"","",260
10102689,OKLAHOMA CO., ,07/02/1987,445,Hail,.75, ,0,0,0,0,OK,CST, , ,C,109,OKC,0,0, , ,0,0,0, ,0, , ,07/02/1987,445,35.48,-97.53, , ,"","",261
10102692,OKLAHOMA CO., ,07/02/1987,615,Thunderstorm Wind,0, ,0,0,0,0,OK,CST, , ,C,109,OKC,0,0, , ,0,0,0, ,0, , ,07/02/1987,615,35.48,-97.53, , ,"","",262
10103846,OKLAHOMA CO., ,07/17/1987,2150,Hail,.75, ,0,0,0,0,OK,CST, , ,C,109,OKC,0,0, , ,0,0,0, ,0, , ,07/17/1987,2150,35.48,-97.53, , ,"","",263
10103847,OKLAHOMA CO., ,07/17/1987,2207,Hail,1.25, ,0,0,0,0,OK,CST, , ,C,109,OKC,0,0, , ,0,0,0, ,0, , ,07/17/1987,2207,35.48,-97.53, , ,"","",264
10103852,OKLAHOMA CO., ,08/13/1987,2015,Thunderstorm Wind,52, ,0,0,0,0,OK,CST, , ,C,109,OKC,0,0, , ,0,0,0, ,0, , ,08/13/1987,2015,35.57,-97.32, , ,"","",265
10103854,OKLAHOMA CO., ,08/13/1987,2127,Thunderstorm Wind,52, ,0,0,0,0,OK,CST, , ,C,109,OKC,0,0, , ,0,0,0, ,0, , ,08/13/1987,2127,35.48,-97.53, , ,"","",266
10101617,OKLAHOMA CO., ,08/26/1987,1725,Thunderstorm Wind,52, ,0,0,0,0,OK,CST, , ,C,109,OKC,0,0, , ,0,0,0, ,0, , ,08/26/1987,1725,35.38,-97.48, , ,"","",267
10101631,OKLAHOMA CO., ,09/15/1987,1605,Hail,1.75, ,0,0,0,0,OK,CST, , ,C,109,OKC,0,0, , ,0,0,0, ,0, , ,09/15/1987,1605,35.48,-97.53, , ,"","",268
10101634,OKLAHOMA CO., ,09/15/1987,1614,Hail,.75, ,0,0,0,0,OK,CST, , ,C,109,OKC,0,0, , ,0,0,0, ,0, , ,09/15/1987,1614,35.65,-97.48, , ,"","",269
10101637,OKLAHOMA CO., ,09/15/1987,1647,Thunderstorm Wind,52, ,0,0,0,0,OK,CST, , ,C,109,OKC,0,0, , ,0,0,0, ,0, , ,09/15/1987,1647,35.48,-97.53, , ,"","",270
10101645,OKLAHOMA CO., ,09/15/1987,1758,Thunderstorm Wind,60, ,0,0,0,0,OK,CST, , ,C,109,OKC,0,0, , ,0,0,0, ,0, , ,09/15/1987,1758,35.40,-97.60, , ,"","",271
10101647,OKLAHOMA CO., ,09/15/1987,1825,Hail,.75, ,0,0,0,0,OK,CST, , ,C,109,OKC,0,0, , ,0,0,0, ,0, , ,09/15/1987,1825,35.45,-97.45, , ,"","",272
10101652,OKLAHOMA CO., ,09/15/1987,1854,Thunderstorm Wind,52, ,0,0,0,0,OK,CST, , ,C,109,OKC,0,0, , ,0,0,0, ,0, , ,09/15/1987,1854,35.48,-97.53, , ,"","",273
10101656,OKLAHOMA CO., ,09/15/1987,1927,Thunderstorm Wind,52, ,0,0,0,0,OK,CST, , ,C,109,OKC,0,0, , ,0,0,0, ,0, , ,09/15/1987,1927,35.48,-97.17, , ,"","",274
10101668,OKLAHOMA CO., ,09/20/1987,1534,Thunderstorm Wind,53, ,0,9,0,0,OK,CST, , ,C,109,OKC,0,0, , ,0,0,0, ,0, , ,09/20/1987,1534,35.40,-97.60, , ,"","",275
10103043,OKLAHOMA CO., ,09/28/1987,347,Thunderstorm Wind,52, ,0,0,0,0,OK,CST, , ,C,109,OKC,0,0, , ,0,0,0, ,0, , ,09/28/1987,347,35.48,-97.53, , ,"","",276
10103066,OKLAHOMA CO., ,11/07/1987,2142,Hail,.75, ,0,0,0,0,OK,CST, , ,C,109,OKC,0,0, , ,0,0,0, ,0, , ,11/07/1987,2142,35.48,-97.53, , ,"","",277
10103067,OKLAHOMA CO., ,11/07/1987,2215,Hail,1.75, ,0,0,0,0,OK,CST, , ,C,109,OKC,0,0, , ,0,0,0, ,0, , ,11/07/1987,2215,35.67,-97.20, , ,"","",278
10103085,OKLAHOMA CO., ,03/01/1988,1528,Hail,.75, ,0,0,0,0,OK,CST, , ,C,109,OKC,0,0, , ,0,0,0, ,0, , ,03/01/1988,1528,35.65,-97.48, , ,"","",279
10105499,OKLAHOMA CO., ,03/28/1988,1709,Hail,1.50, ,0,0,0,0,OK,CST, , ,C,109,OKC,0,0, , ,0,0,0, ,0, , ,03/28/1988,1709,35.38,-97.63, , ,"","",280
10105502,OKLAHOMA CO., ,03/28/1988,1726,Hail,1.75, ,0,0,0,0,OK,CST, , ,C,109,OKC,0,0, , ,0,0,0, ,0, , ,03/28/1988,1726,35.48,-97.53, , ,"","",281
10105503,OKLAHOMA CO., ,03/28/1988,1727,Hail,1.00, ,0,0,0,0,OK,CST, , ,C,109,OKC,0,0, , ,0,0,0, ,0, , ,03/28/1988,1727,35.65,-97.45, , ,"","",282
10105506,OKLAHOMA CO., ,03/28/1988,1742,Thunderstorm Wind,0, ,0,0,0,0,OK,CST, , ,C,109,OKC,0,0, , ,0,0,0, ,0, , ,03/28/1988,1742,35.48,-97.53, , ,"","",283
10105508,OKLAHOMA CO., ,03/28/1988,1752,Hail,1.75, ,0,0,0,0,OK,CST, , ,C,109,OKC,0,0, , ,0,0,0, ,0, , ,03/28/1988,1752,35.50,-97.33, , ,"","",284
10105510,OKLAHOMA CO., ,03/28/1988,1805,Tornado,0,F1,1,1,0,0,OK,CST, , ,C,109, ,0,0, , ,.8,33,0, ,0, , ,03/28/1988,1805,35.48,-97.53, , ,"","",285
10105513,OKLAHOMA CO., ,03/28/1988,1825,Hail,1.25, ,0,0,0,0,OK,CST, , ,C,109,OKC,0,0, , ,0,0,0, ,0, , ,03/28/1988,1825,35.48,-97.17, , ,"","",286
10104749,OKLAHOMA CO., ,03/28/1988,2334,Hail,.75, ,0,0,0,0,OK,CST, , ,C,109,OKC,0,0, , ,0,0,0, ,0, , ,03/28/1988,2334,35.48,-97.53, , ,"","",287
10104796,OKLAHOMA CO., ,05/11/1988,1800,Hail,1.00, ,0,0,0,0,OK,CST, , ,C,109,OKC,0,0, , ,0,0,0, ,0, , ,05/11/1988,1800,35.48,-97.53, , ,"","",288
10104808,OKLAHOMA CO., ,05/15/1988,1947,Hail,1.25, ,0,0,0,0,OK,CST, , ,C,109,OKC,0,0, , ,0,0,0, ,0, , ,05/15/1988,1947,35.48,-97.53, , ,"","",289
10101177,OKLAHOMA CO., ,05/15/1988,2020,Hail,.75, ,0,0,0,0,OK,CST, , ,C,109,OKC,0,0, , ,0,0,0, ,0, , ,05/15/1988,2020,35.48,-97.53, , ,"","",290
10101180,OKLAHOMA CO., ,05/15/1988,2036,Hail,1.75, ,0,0,0,0,OK,CST, , ,C,109,OKC,0,0, , ,0,0,0, ,0, , ,05/15/1988,2036,35.48,-97.53, , ,"","",291
10101182,OKLAHOMA CO., ,05/15/1988,2051,Hail,1.00, ,0,0,0,0,OK,CST, , ,C,109,OKC,0,0, , ,0,0,0, ,0, , ,05/15/1988,2051,35.48,-97.53, , ,"","",292
10101184,OKLAHOMA CO., ,05/15/1988,2103,Thunderstorm Wind,70, ,0,0,0,0,OK,CST, , ,C,109,OKC,0,0, , ,0,0,0, ,0, , ,05/15/1988,2103,35.65,-97.45, , ,"","",293
10101186,OKLAHOMA CO., ,05/15/1988,2133,Thunderstorm Wind,70, ,0,0,0,0,OK,CST, , ,C,109,OKC,0,0, , ,0,0,0, ,0, , ,05/15/1988,2133,35.48,-97.53, , ,"","",294
10101402,OKLAHOMA CO., ,05/15/1988,2152,Thunderstorm Wind,70, ,0,0,0,0,OK,CST, , ,C,109,OKC,0,0, , ,0,0,0, ,0, , ,05/15/1988,2152,35.45,-97.45, , ,"","",295
10101424,OKLAHOMA CO., ,06/02/1988,1340,Hail,1.75, ,0,0,0,0,OK,CST, , ,C,109,OKC,0,0, , ,0,0,0, ,0, , ,06/02/1988,1340,35.65,-97.48, , ,"","",296
10101426,OKLAHOMA CO., ,06/02/1988,1348,Hail,.75, ,0,0,0,0,OK,CST, , ,C,109,OKC,0,0, , ,0,0,0, ,0, , ,06/02/1988,1348,35.40,-97.17, , ,"","",297
10101431,OKLAHOMA CO., ,06/02/1988,1414,Hail,.88, ,0,0,0,0,OK,CST, , ,C,109,OKC,0,0, , ,0,0,0, ,0, , ,06/02/1988,1414,35.43,-97.27, , ,"","",298
10101439,OKLAHOMA CO., ,06/02/1988,1458,Hail,.75, ,0,0,0,0,OK,CST, , ,C,109,OKC,0,0, , ,0,0,0, ,0, , ,06/02/1988,1458,35.48,-97.17, , ,"","",299
10101443,OKLAHOMA CO., ,06/02/1988,1513,Hail,1.00, ,0,0,0,0,OK,CST, , ,C,109,OKC,0,0, , ,0,0,0, ,0, , ,06/02/1988,1513,35.45,-97.23, , ,"","",300
10101446,OKLAHOMA CO., ,06/02/1988,1533,Hail,.75, ,0,0,0,0,OK,CST, , ,C,109,OKC,0,0, , ,0,0,0, ,0, , ,06/02/1988,1533,35.43,-97.20, , ,"","",301
10101460,OKLAHOMA CO., ,06/16/1988,1315,Hail,.75, ,0,0,0,0,OK,CST, , ,C,109,OKC,0,0, , ,0,0,0, ,0, , ,06/16/1988,1315,35.48,-97.53, , ,"","",302
10102543,OKLAHOMA CO., ,06/28/1988,1750,Thunderstorm Wind,54, ,0,0,0,0,OK,CST, , ,C,109,OKC,0,0, , ,0,0,0, ,0, , ,06/28/1988,1750,35.48,-97.53, , ,"","",303
10102544,OKLAHOMA CO., ,06/28/1988,1805,Hail,1.00, ,0,0,0,0,OK,CST, , ,C,109,OKC,0,0, , ,0,0,0, ,0, , ,06/28/1988,1805,35.65,-97.48, , ,"","",304
10102564,OKLAHOMA CO., ,07/06/1988,1900,Thunderstorm Wind,56, ,0,0,0,0,OK,CST, , ,C,109,OKC,0,0, , ,0,0,0, ,0, , ,07/06/1988,1900,35.70,-97.25, , ,"","",305
10102595,OKLAHOMA CO., ,07/27/1988,0,Thunderstorm Wind,0, ,0,0,0,0,OK,CST, , ,C,109,OKC,0,0, , ,0,0,0, ,0, , ,07/27/1988,0,35.48,-97.53, , ,"","",306
10103460,OKLAHOMA CO., ,07/28/1988,1423,Thunderstorm Wind,0, ,0,0,0,0,OK,CST, , ,C,109,OKC,0,0, , ,0,0,0, ,0, , ,07/28/1988,1423,35.48,-97.53, , ,"","",307
10103461,OKLAHOMA CO., ,07/28/1988,1445,Thunderstorm Wind,70, ,0,0,0,0,OK,CST, , ,C,109,OKC,0,0, , ,0,0,0, ,0, , ,07/28/1988,1445,35.48,-97.53, , ,"","",308
10103687,OKLAHOMA CO., ,08/05/1988,1410,Thunderstorm Wind,60, ,0,0,0,0,OK,CST, , ,C,109,OKC,0,0, , ,0,0,0, ,0, , ,08/05/1988,1410,35.65,-97.48, , ,"","",309
10103689,OKLAHOMA CO., ,08/05/1988,1500,Thunderstorm Wind,0, ,0,0,0,0,OK,CST, , ,C,109,OKC,0,0, , ,0,0,0, ,0, , ,08/05/1988,1500,35.65,-97.17, , ,"","",310
10103694,OKLAHOMA CO., ,08/09/1988,1437,Thunderstorm Wind,52, ,0,0,0,0,OK,CST, , ,C,109,OKC,0,0, , ,0,0,0, ,0, , ,08/09/1988,1437,35.65,-97.55, , ,"","",311
10103699,OKLAHOMA CO., ,08/09/1988,1515,Thunderstorm Wind,56, ,0,0,0,0,OK,CST, , ,C,109,OKC,0,0, , ,0,0,0, ,0, , ,08/09/1988,1515,35.48,-97.53, , ,"","",312
10103700,OKLAHOMA CO., ,08/09/1988,1540,Thunderstorm Wind,0, ,0,0,0,0,OK,CST, , ,C,109,OKC,0,0, , ,0,0,0, ,0, , ,08/09/1988,1540,35.48,-97.53, , ,"","",313
10103701,OKLAHOMA CO., ,08/09/1988,1600,Thunderstorm Wind,80, ,0,0,0,0,OK,CST, , ,C,109,OKC,0,0, , ,0,0,0, ,0, , ,08/09/1988,1600,35.48,-97.17, , ,"","",314
10103716,OKLAHOMA CO., ,08/19/1988,1510,Thunderstorm Wind,50, ,0,0,0,0,OK,CST, , ,C,109,OKC,0,0, , ,0,0,0, ,0, , ,08/19/1988,1510,35.52,-97.60, , ,"","",315
10103717,OKLAHOMA CO., ,08/19/1988,1520,Thunderstorm Wind,0, ,0,0,0,0,OK,CST, , ,C,109,OKC,0,0, , ,0,0,0, ,0, , ,08/19/1988,1520,35.50,-97.27, , ,"","",316
10103718,OKLAHOMA CO., ,08/19/1988,1535,Thunderstorm Wind,0, ,0,0,0,0,OK,CST, , ,C,109,OKC,0,0, , ,0,0,0, ,0, , ,08/19/1988,1535,35.52,-97.63, , ,"","",317
10104602,OKLAHOMA CO., ,09/28/1988,1655,Hail,.75, ,0,0,0,0,OK,CST, , ,C,109,OKC,0,0, , ,0,0,0, ,0, , ,09/28/1988,1655,35.55,-97.60, , ,"","",318
10104606,OKLAHOMA CO., ,09/28/1988,1725,Hail,1.00, ,0,0,0,0,OK,CST, , ,C,109,OKC,0,0, , ,0,0,0, ,0, , ,09/28/1988,1725,35.55,-97.60, , ,"","",319
10104822,OKLAHOMA CO., ,09/28/1988,1731,Hail,.88, ,0,0,0,0,OK,CST, , ,C,109,OKC,0,0, , ,0,0,0, ,0, , ,09/28/1988,1731,35.63,-97.45, , ,"","",320
10104840,OKLAHOMA CO., ,10/15/1988,1805,Thunderstorm Wind,0, ,0,0,0,0,OK,CST, , ,C,109,OKC,0,0, , ,0,0,0, ,0, , ,10/15/1988,1805,35.57,-97.32, , ,"","",321
10104881,OKLAHOMA CO., ,11/11/1988,2231,Hail,.75, ,0,0,0,0,OK,CST, , ,C,109,OKC,0,0, , ,0,0,0, ,0, , ,11/11/1988,2231,35.48,-97.53, , ,"","",322
10101535,OKLAHOMA CO., ,11/11/1988,2309,Hail,.75, ,0,0,0,0,OK,CST, , ,C,109,OKC,0,0, , ,0,0,0, ,0, , ,11/11/1988,2309,35.45,-97.45, , ,"","",323
10101537,OKLAHOMA CO., ,11/11/1988,2330,Hail,.75, ,0,0,0,0,OK,CST, , ,C,109,OKC,0,0, , ,0,0,0, ,0, , ,11/11/1988,2330,35.45,-97.45, , ,"","",324
10101787,OKLAHOMA CO., ,11/15/1988,1115,Thunderstorm Wind,0, ,0,0,0,0,OK,CST, , ,C,109,OKC,0,0, , ,0,0,0, ,0, , ,11/15/1988,1115,35.48,-97.53, , ,"","",325
10101798,OKLAHOMA CO., ,11/15/1988,1156,Hail,.88, ,0,0,0,0,OK,CST, , ,C,109,OKC,0,0, , ,0,0,0, ,0, , ,11/15/1988,1156,35.48,-97.53, , ,"","",326
10102932,OKLAHOMA CO., ,03/03/1989,1705,Thunderstorm Wind,52, ,0,0,0,0,OK,CST, , ,C,109,OKC,0,0, , ,0,0,0, ,0, , ,03/03/1989,1705,35.48,-97.53, , ,"","",327
10102935,OKLAHOMA CO., ,03/03/1989,1745,Hail,1.25, ,0,0,0,0,OK,CST, , ,C,109,OKC,0,0, , ,0,0,0, ,0, , ,03/03/1989,1745,35.53,-97.42, , ,"","",328
10105024,OKLAHOMA CO., ,05/04/1989,100,Thunderstorm Wind,52, ,0,0,0,0,OK,CST, , ,C,109,OKC,0,0, , ,0,0,0, ,0, , ,05/04/1989,100,35.65,-97.48, , ,"","",329
10105025,OKLAHOMA CO., ,05/04/1989,115,Thunderstorm Wind,0, ,0,0,0,0,OK,CST, , ,C,109,OKC,0,0, , ,0,0,0, ,0, , ,05/04/1989,115,35.48,-97.53, , ,"","",330
10100801,OKLAHOMA CO., ,05/13/1989,1910,Hail,.75, ,0,0,0,0,OK,CST, , ,C,109,OKC,0,0, , ,0,0,0, ,0, , ,05/13/1989,1910,35.50,-97.27, , ,"","",331
10101863,OKLAHOMA CO., ,05/15/1989,1438,Hail,1.75, ,0,0,0,0,OK,CST, , ,C,109,OKC,0,0, , ,0,0,0, ,0, , ,05/15/1989,1438,35.48,-97.53, , ,"","",332
10101866,OKLAHOMA CO., ,05/15/1989,1455,Hail,1.00, ,0,0,0,0,OK,CST, , ,C,109,OKC,0,0, , ,0,0,0, ,0, , ,05/15/1989,1455,35.65,-97.48, , ,"","",333
10101871,OKLAHOMA CO., ,05/15/1989,1520,Hail,1.25, ,0,0,0,0,OK,CST, , ,C,109,OKC,0,0, , ,0,0,0, ,0, , ,05/15/1989,1520,35.45,-97.40, , ,"","",334
10101873,OKLAHOMA CO., ,05/15/1989,1545,Hail,.88, ,0,0,0,0,OK,CST, , ,C,109,OKC,0,0, , ,0,0,0, ,0, , ,05/15/1989,1545,35.50,-97.27, , ,"","",335
10104147,OKLAHOMA CO., ,05/22/1989,230,Hail,1.00, ,0,0,0,0,OK,CST, , ,C,109,OKC,0,0, , ,0,0,0, ,0, , ,05/22/1989,230,35.67,-97.33, , ,"","",336
10101676,OKLAHOMA CO., ,05/26/1989,120,Hail,1.00, ,0,0,0,0,OK,CST, , ,C,109,OKC,0,0, , ,0,0,0, ,0, , ,05/26/1989,120,35.53,-97.42, , ,"","",337
10101678,OKLAHOMA CO., ,05/26/1989,144,Hail,.75, ,0,0,0,0,OK,CST, , ,C,109,OKC,0,0, , ,0,0,0, ,0, , ,05/26/1989,144,35.65,-97.48, , ,"","",338
10101684,OKLAHOMA CO., ,05/26/1989,240,Hail,.88, ,0,0,0,0,OK,CST, , ,C,109,OKC,0,0, , ,0,0,0, ,0, , ,05/26/1989,240,35.48,-97.53, , ,"","",339
10102754,OKLAHOMA CO., ,05/26/1989,253,Hail,1.00, ,0,0,0,0,OK,CST, , ,C,109,OKC,0,0, , ,0,0,0, ,0, , ,05/26/1989,253,35.65,-97.48, , ,"","",340
10105522,OKLAHOMA CO., ,06/06/1989,1512,Hail,.75, ,0,0,0,0,OK,CST, , ,C,109,OKC,0,0, , ,0,0,0, ,0, , ,06/06/1989,1512,35.48,-97.53, , ,"","",341
10103952,OKLAHOMA CO., ,06/10/1989,1010,Hail,.75, ,0,0,0,0,OK,CST, , ,C,109,OKC,0,0, , ,0,0,0, ,0, , ,06/10/1989,1010,35.45,-97.40, , ,"","",342
10105053,OKLAHOMA CO., ,06/12/1989,121,Thunderstorm Wind,52, ,0,0,0,0,OK,CST, , ,C,109,OKC,0,0, , ,0,0,0, ,0, , ,06/12/1989,121,35.53,-97.65, , ,"","",343
10105056,OKLAHOMA CO., ,06/12/1989,155,Hail,.75, ,0,0,0,0,OK,CST, , ,C,109,OKC,0,0, , ,0,0,0, ,0, , ,06/12/1989,155,35.48,-97.53, , ,"","",344
10101467,OKLAHOMA CO., ,06/13/1989,300,Thunderstorm Wind,0, ,0,0,0,0,OK,CST, , ,C,109,OKC,0,0, , ,0,0,0, ,0, , ,06/13/1989,300,35.45,-97.40, , ,"","",345
10101709,OKLAHOMA CO., ,06/27/1989,221,Thunderstorm Wind,57, ,0,0,0,0,OK,CST, , ,C,109,OKC,0,0, , ,0,0,0, ,0, , ,06/27/1989,221,35.40,-97.60, , ,"","",346
10101734,OKLAHOMA CO., ,07/02/1989,850,Thunderstorm Wind,52, ,0,0,0,0,OK,CST, , ,C,109,OKC,0,0, , ,0,0,0, ,0, , ,07/02/1989,850,35.65,-97.48, , ,"","",347
10101741,OKLAHOMA CO., ,07/02/1989,951,Thunderstorm Wind,54, ,0,0,0,0,OK,CST, , ,C,109,OKC,0,0, , ,0,0,0, ,0, , ,07/02/1989,951,35.40,-97.60, , ,"","",348
10103744,OKLAHOMA CO., ,08/05/1989,2145,Hail,.88, ,0,0,0,0,OK,CST, , ,C,109,OKC,0,0, , ,0,0,0, ,0, , ,08/05/1989,2145,35.65,-97.48, , ,"","",349
10104002,OKLAHOMA CO., ,09/01/1989,1617,Hail,.88, ,0,0,0,0,OK,CST, , ,C,109,OKC,0,0, , ,0,0,0, ,0, , ,09/01/1989,1617,35.48,-97.53, , ,"","",350
10104004,OKLAHOMA CO., ,09/01/1989,1623,Thunderstorm Wind,61, ,0,0,0,0,OK,CST, , ,C,109,OKC,0,0, , ,0,0,0, ,0, , ,09/01/1989,1623,35.67,-97.20, , ,"","",351
10104006,OKLAHOMA CO., ,09/01/1989,1632,Thunderstorm Wind,0, ,0,1,0,0,OK,CST, , ,C,109,OKC,0,0, , ,0,0,0, ,0, , ,09/01/1989,1632,35.50,-97.50, , ,"","",352
10104007,OKLAHOMA CO., ,09/01/1989,1633,Thunderstorm Wind,61, ,0,0,0,0,OK,CST, , ,C,109,OKC,0,0, , ,0,0,0, ,0, , ,09/01/1989,1633,35.43,-97.17, , ,"","",353
10104008,OKLAHOMA CO., ,09/01/1989,1640,Hail,.75, ,0,0,0,0,OK,CST, , ,C,109,OKC,0,0, , ,0,0,0, ,0, , ,09/01/1989,1640,35.67,-97.33, , ,"","",354
10104011,OKLAHOMA CO., ,09/01/1989,1652,Hail,1.00, ,0,0,0,0,OK,CST, , ,C,109,OKC,0,0, , ,0,0,0, ,0, , ,09/01/1989,1652,35.57,-97.17, , ,"","",355
10104020,OKLAHOMA CO., ,09/01/1989,1845,Hail,.75, ,0,0,0,0,OK,CST, , ,C,109,OKC,0,0, , ,0,0,0, ,0, , ,09/01/1989,1845,35.65,-97.48, , ,"","",356
10100951,OKLAHOMA CO., ,01/16/1990,2159,Hail,.75, ,0,0,0,0,OK,CST, , ,C,109,OKC,0,0, , ,0,0,0, ,0, , ,01/16/1990,2159,35.52,-97.60, , ,"","",357
10100953,OKLAHOMA CO., ,01/16/1990,2210,Hail,.88, ,0,0,0,0,OK,CST, , ,C,109,OKC,0,0, , ,0,0,0, ,0, , ,01/16/1990,2210,35.65,-97.48, , ,"","",358
10102061,OKLAHOMA CO., ,03/13/1990,1756,Hail,1.00, ,0,0,0,0,OK,CST, , ,C,109,OKC,0,0, , ,0,0,0, ,0, , ,03/13/1990,1756,35.40,-97.17, , ,"","",359
10102067,OKLAHOMA CO., ,03/13/1990,1849,Hail,.75, ,0,0,0,0,OK,CST, , ,C,109,OKC,0,0, , ,0,0,0, ,0, , ,03/13/1990,1849,35.38,-97.38, , ,"","",360
10102072,OKLAHOMA CO., ,03/13/1990,1921,Hail,1.00, ,0,0,0,0,OK,CST, , ,C,109,OKC,0,0, , ,0,0,0, ,0, , ,03/13/1990,1921,35.48,-97.17, , ,"","",361
10104102,OKLAHOMA CO., ,04/13/1990,1658,Hail,.75, ,0,0,0,0,OK,CST, , ,C,109,OKC,0,0, , ,0,0,0, ,0, , ,04/13/1990,1658,35.48,-97.53, , ,"","",362
10104397,OKLAHOMA CO., ,04/16/1990,2148,Hail,.88, ,0,0,0,0,OK,CST, , ,C,109,OKC,0,0, , ,0,0,0, ,0, , ,04/16/1990,2148,35.48,-97.17, , ,"","",363
10104402,OKLAHOMA CO., ,04/16/1990,2204,Hail,.88, ,0,0,0,0,OK,CST, , ,C,109,OKC,0,0, , ,0,0,0, ,0, , ,04/16/1990,2204,35.48,-97.53, , ,"","",364
10104403,OKLAHOMA CO., ,04/16/1990,2204,Thunderstorm Wind,70, ,0,0,0,0,OK,CST, , ,C,109,OKC,0,0, , ,0,0,0, ,0, , ,04/16/1990,2204,35.65,-97.48, , ,"","",365
10104409,OKLAHOMA CO., ,04/16/1990,2219,Thunderstorm Wind,80, ,0,0,0,0,OK,CST, , ,C,109,OKC,0,0, , ,0,0,0, ,0, , ,04/16/1990,2219,35.40,-97.60, , ,"","",366
10104413,OKLAHOMA CO., ,04/16/1990,2237,Thunderstorm Wind,54, ,0,1,0,0,OK,CST, , ,C,109,OKC,0,0, , ,0,0,0, ,0, , ,04/16/1990,2237,35.42,-97.38, , ,"","",367
10104414,OKLAHOMA CO., ,04/16/1990,2240,Thunderstorm Wind,87, ,0,0,0,0,OK,CST, , ,C,109,OKC,0,0, , ,0,0,0, ,0, , ,04/16/1990,2240,35.48,-97.53, , ,"","",368
10104418,OKLAHOMA CO., ,04/16/1990,2305,Thunderstorm Wind,52, ,0,0,0,0,OK,CST, , ,C,109,OKC,0,0, , ,0,0,0, ,0, , ,04/16/1990,2305,35.45,-97.40, , ,"","",369
10104455,OKLAHOMA CO., ,04/22/1990,1545,Hail,.88, ,0,0,0,0,OK,CST, , ,C,109,OKC,0,0, , ,0,0,0, ,0, , ,04/22/1990,1545,35.72,-97.67, , ,"","",370
10101001,OKLAHOMA CO., ,04/25/1990,1940,Hail,.75, ,0,0,0,0,OK,CST, , ,C,109,OKC,0,0, , ,0,0,0, ,0, , ,04/25/1990,1940,35.47,-97.17, , ,"","",371
10101008,OKLAHOMA CO., ,05/05/1990,1730,Hail,1.00, ,0,0,0,0,OK,CST, , ,C,109,OKC,0,0, , ,0,0,0, ,0, , ,05/05/1990,1730,35.65,-97.48, , ,"","",372
10102131,OKLAHOMA CO., ,05/15/1990,1817,Hail,.88, ,0,0,0,0,OK,CST, , ,C,109,OKC,0,0, , ,0,0,0, ,0, , ,05/15/1990,1817,35.72,-97.55, , ,"","",373
10103302,OKLAHOMA CO., ,05/19/1990,1846,Hail,1.00, ,0,0,0,0,OK,CST, , ,C,109,OKC,0,0, , ,0,0,0, ,0, , ,05/19/1990,1846,35.45,-97.40, , ,"","",374
10103309,OKLAHOMA CO., ,05/19/1990,1934,Hail,1.00, ,0,0,0,0,OK,CST, , ,C,109,OKC,0,0, , ,0,0,0, ,0, , ,05/19/1990,1934,35.48,-97.53, , ,"","",375
10103315,OKLAHOMA CO., ,05/19/1990,2023,Hail,3.25, ,0,0,0,0,OK,CST, , ,C,109,OKC,0,0, , ,0,0,0, ,0, , ,05/19/1990,2023,35.48,-97.53, , ,"","",376
10103317,OKLAHOMA CO., ,05/19/1990,2051,Hail,1.75, ,0,0,0,0,OK,CST, , ,C,109,OKC,0,0, , ,0,0,0, ,0, , ,05/19/1990,2051,35.48,-97.53, , ,"","",377
10104171,OKLAHOMA CO., ,05/19/1990,2129,Hail,1.00, ,0,0,0,0,OK,CST, , ,C,109,OKC,0,0, , ,0,0,0, ,0, , ,05/19/1990,2129,35.48,-97.53, , ,"","",378
10104173,OKLAHOMA CO., ,05/19/1990,2220,Hail,1.50, ,0,0,0,0,OK,CST, , ,C,109,OKC,0,0, , ,0,0,0, ,0, , ,05/19/1990,2220,35.48,-97.53, , ,"","",379
10104175,OKLAHOMA CO., ,05/19/1990,2240,Hail,1.00, ,0,0,0,0,OK,CST, , ,C,109,OKC,0,0, , ,0,0,0, ,0, , ,05/19/1990,2240,35.48,-97.53, , ,"","",380
10104178,OKLAHOMA CO., ,05/19/1990,2355,Hail,.75, ,0,0,0,0,OK,CST, , ,C,109,OKC,0,0, , ,0,0,0, ,0, , ,05/19/1990,2355,35.48,-97.53, , ,"","",381
10101080,OKLAHOMA CO., ,05/26/1990,1859,Thunderstorm Wind,52, ,0,0,0,0,OK,CST, , ,C,109,OKC,0,0, , ,0,0,0, ,0, , ,05/26/1990,1859,35.53,-97.65, , ,"","",382
10101085,OKLAHOMA CO., ,05/26/1990,1948,Thunderstorm Wind,65, ,0,0,0,0,OK,CST, , ,C,109,OKC,0,0, , ,0,0,0, ,0, , ,05/26/1990,1948,35.48,-97.53, , ,"","",383
10101091,OKLAHOMA CO., ,05/26/1990,2030,Thunderstorm Wind,56, ,0,0,0,0,OK,CST, , ,C,109,OKC,0,0, , ,0,0,0, ,0, , ,05/26/1990,2030,35.48,-97.53, , ,"","",384
10103359,OKLAHOMA CO., ,06/21/1990,1835,Thunderstorm Wind,52, ,0,0,0,0,OK,CST, , ,C,109,OKC,0,0, , ,0,0,0, ,0, , ,06/21/1990,1835,35.48,-97.53, , ,"","",385
10103373,OKLAHOMA CO., ,06/23/1990,1730,Hail,1.00, ,0,0,0,0,OK,CST, , ,C,109,OKC,0,0, , ,0,0,0, ,0, , ,06/23/1990,1730,35.65,-97.48, , ,"","",386
10103374,OKLAHOMA CO., ,06/23/1990,1835,Hail,.75, ,0,0,0,0,OK,CST, , ,C,109,OKC,0,0, , ,0,0,0, ,0, , ,06/23/1990,1835,35.50,-97.27, , ,"","",387
10103375,OKLAHOMA CO., ,06/23/1990,1840,Hail,.88, ,0,0,0,0,OK,CST, , ,C,109,OKC,0,0, , ,0,0,0, ,0, , ,06/23/1990,1840,35.48,-97.53, , ,"","",388
10103376,OKLAHOMA CO., ,06/23/1990,1855,Hail,1.75, ,0,0,0,0,OK,CST, , ,C,109,OKC,0,0, , ,0,0,0, ,0, , ,06/23/1990,1855,35.48,-97.53, , ,"","",389
10104199,OKLAHOMA CO., ,08/18/1990,1515,Thunderstorm Wind,51, ,0,0,0,0,OK,CST, , ,C,109,OKC,0,0, , ,0,0,0, ,0, , ,08/18/1990,1515,35.40,-97.60, , ,"","",390
10104202,OKLAHOMA CO., ,08/18/1990,1530,Thunderstorm Wind,0, ,0,0,0,0,OK,CST, , ,C,109,OKC,0,0, , ,0,0,0, ,0, , ,08/18/1990,1530,35.48,-97.53, , ,"","",391
10104206,OKLAHOMA CO., ,08/18/1990,1713,Hail,1.00, ,0,0,0,0,OK,CST, , ,C,109,OKC,0,0, , ,0,0,0, ,0, , ,08/18/1990,1713,35.45,-97.40, , ,"","",392
10104208,OKLAHOMA CO., ,08/18/1990,1737,Thunderstorm Wind,52, ,0,0,0,0,OK,CST, , ,C,109,OKC,0,0, , ,0,0,0, ,0, , ,08/18/1990,1737,35.48,-97.53, , ,"","",393
10104212,OKLAHOMA CO., ,08/18/1990,1854,Thunderstorm Wind,52, ,0,0,0,0,OK,CST, , ,C,109,OKC,0,0, , ,0,0,0, ,0, , ,08/18/1990,1854,35.40,-97.20, , ,"","",394
10100872,OKLAHOMA CO., ,03/21/1991,1500,Hail,.88, ,0,0,0,0,OK,CST, , ,C,109,OKC,0,0, , ,0,0,0, ,0, , ,03/21/1991,1500,35.48,-97.53, , ,"","",395
10100965,OKLAHOMA CO., ,04/14/1991,1730,Hail,.75, ,0,0,0,0,OK,CST, , ,C,109,OKC,0,0, , ,0,0,0, ,0, , ,04/14/1991,1730,35.52,-97.63, , ,"","",396
10101247,OKLAHOMA CO., ,04/25/1991,2350,Hail,1.00, ,0,0,0,0,OK,CST, , ,C,109,OKC,0,0, , ,0,0,0, ,0, , ,04/25/1991,2350,35.40,-97.60, , ,"","",397
10101248,OKLAHOMA CO., ,04/26/1991,38,Hail,1.00, ,0,0,0,0,OK,CST, , ,C,109,OKC,0,0, , ,0,0,0, ,0, , ,04/26/1991,38,35.48,-97.53, , ,"","",398
10102371,OKLAHOMA CO., ,04/26/1991,2125,Hail,1.00, ,0,0,0,0,OK,CST, , ,C,109,OKC,0,0, , ,0,0,0, ,0, , ,04/26/1991,2125,35.47,-97.27, , ,"","",399
10102372,OKLAHOMA CO., ,04/26/1991,2128,Hail,1.00, ,0,0,0,0,OK,CST, , ,C,109,OKC,0,0, , ,0,0,0, ,0, , ,04/26/1991,2128,35.48,-97.53, , ,"","",400
10103518,OKLAHOMA CO., ,05/04/1991,1710,Hail,.88, ,0,0,0,0,OK,CST, , ,C,109,OKC,0,0, , ,0,0,0, ,0, , ,05/04/1991,1710,35.48,-97.53, , ,"","",401
10103522,OKLAHOMA CO., ,05/04/1991,1725,Hail,1.25, ,0,0,0,0,OK,CST, , ,C,109,OKC,0,0, , ,0,0,0, ,0, , ,05/04/1991,1725,35.55,-97.27, , ,"","",402
10103526,OKLAHOMA CO., ,05/04/1991,1759,Thunderstorm Wind,0, ,0,0,0,0,OK,CST, , ,C,109,OKC,0,0, , ,0,0,0, ,0, , ,05/04/1991,1759,35.48,-97.53, , ,"","",403
10104616,OKLAHOMA CO., ,05/07/1991,1742,Hail,.75, ,0,0,0,0,OK,CST, , ,C,109,OKC,0,0, , ,0,0,0, ,0, , ,05/07/1991,1742,35.57,-97.63, , ,"","",404
10104617,OKLAHOMA CO., ,05/07/1991,1900,Hail,.75, ,0,0,0,0,OK,CST, , ,C,109,OKC,0,0, , ,0,0,0, ,0, , ,05/07/1991,1900,35.65,-97.48, , ,"","",405
10101276,OKLAHOMA CO., ,06/01/1991,2010,Hail,.75, ,0,0,0,0,OK,CST, , ,C,109,OKC,0,0, , ,0,0,0, ,0, , ,06/01/1991,2010,35.48,-97.53, , ,"","",406
10101311,OKLAHOMA CO., ,06/05/1991,925,Hail,.75, ,0,0,0,0,OK,CST, , ,C,109,OKC,0,0, , ,0,0,0, ,0, , ,06/05/1991,925,35.48,-97.53, , ,"","",407
10101313,OKLAHOMA CO., ,06/05/1991,951,Hail,.75, ,0,0,0,0,OK,CST, , ,C,109,OKC,0,0, , ,0,0,0, ,0, , ,06/05/1991,951,35.48,-97.17, , ,"","",408
10101315,OKLAHOMA CO., ,06/05/1991,1027,Hail,1.00, ,0,0,0,0,OK,CST, , ,C,109,OKC,0,0, , ,0,0,0, ,0, , ,06/05/1991,1027,35.48,-97.53, , ,"","",409
10101317,OKLAHOMA CO., ,06/05/1991,1053,Hail,1.50, ,0,0,0,0,OK,CST, , ,C,109,OKC,0,0, , ,0,0,0, ,0, , ,06/05/1991,1053,35.42,-97.38, , ,"","",410
10102436,OKLAHOMA CO., ,06/13/1991,640,Hail,.88, ,0,0,0,0,OK,CST, , ,C,109,OKC,0,0, , ,0,0,0, ,0, , ,06/13/1991,640,35.48,-97.53, , ,"","",411
10102447,OKLAHOMA CO., ,06/15/1991,1855,Hail,.75, ,0,0,0,0,OK,CST, , ,C,109,OKC,0,0, , ,0,0,0, ,0, , ,06/15/1991,1855,35.48,-97.53, , ,"","",412
10101345,OKLAHOMA CO., ,06/23/1991,1446,Thunderstorm Wind,54, ,0,0,0,0,OK,CST, , ,C,109,OKC,0,0, , ,0,0,0, ,0, , ,06/23/1991,1446,35.40,-97.60, , ,"","",413
10101348,OKLAHOMA CO., ,06/23/1991,1510,Thunderstorm Wind,61, ,0,0,0,0,OK,CST, , ,C,109,OKC,0,0, , ,0,0,0, ,0, , ,06/23/1991,1510,35.45,-97.40, , ,"","",414
10101359,OKLAHOMA CO., ,07/03/1991,126,Thunderstorm Wind,50, ,0,0,0,0,OK,CST, , ,C,109,OKC,0,0, , ,0,0,0, ,0, , ,07/03/1991,126,35.53,-97.65, , ,"","",415
10101360,OKLAHOMA CO., ,07/03/1991,205,Thunderstorm Wind,0, ,0,0,0,0,OK,CST, , ,C,109,OKC,0,0, , ,0,0,0, ,0, , ,07/03/1991,205,35.48,-97.53, , ,"","",416
10101908,OKLAHOMA CO., ,10/23/1991,2308,Hail,.75, ,0,0,0,0,OK,CST, , ,C,109,OKC,0,0, , ,0,0,0, ,0, , ,10/23/1991,2308,35.48,-97.53, , ,"","",417
10159659,OKLAHOMA CO., ,03/04/1992,1858,Hail,.75, ,0,0,0,0,OK,CST, , ,C,109,OKC,0,0, , ,0,0,0, ,0, , ,03/04/1992,1858,35.62,-97.38, , ,"","",418
10162340,OKLAHOMA CO., ,04/12/1992,206,Hail,1.00, ,0,0,0,0,OK,CST, , ,C,109,OKC,0,0, , ,0,0,0, ,0, , ,04/12/1992,206,35.48,-97.53, , ,"","",419
10158885,OKLAHOMA CO., ,04/16/1992,1528,Hail,.88, ,0,0,0,0,OK,CST, , ,C,109,OKC,0,0, , ,0,0,0, ,0, , ,04/16/1992,1528,35.45,-97.45, , ,"","",420
10155149,OKLAHOMA CO., ,04/19/1992,225,Hail,.75, ,0,0,0,0,OK,CST, , ,C,109,OKC,0,0, , ,0,0,0, ,0, , ,04/19/1992,225,35.43,-97.48, , ,"","",421
10156058,OKLAHOMA CO., ,04/22/1992,2318,Hail,.75, ,0,0,0,0,OK,CST, , ,C,109,OKC,0,0, , ,0,0,0, ,0, , ,04/22/1992,2318,35.65,-97.48, , ,"","",422
10157449,OKLAHOMA CO., ,04/27/1992,2318,Hail,.75, ,0,0,0,0,OK,CST, , ,C,109,OKC,0,0, , ,0,0,0, ,0, , ,04/27/1992,2318,35.65,-97.42, , ,"","",423
10157455,OKLAHOMA CO., ,04/28/1992,1406,Hail,.88, ,0,0,0,0,OK,CST, , ,C,109,OKC,0,0, , ,0,0,0, ,0, , ,04/28/1992,1406,35.48,-97.53, , ,"","",424
10157456,OKLAHOMA CO., ,04/28/1992,1430,Hail,1.75, ,0,0,0,0,OK,CST, , ,C,109,OKC,0,0, , ,0,0,0, ,0, , ,04/28/1992,1430,35.48,-97.53, , ,"","",425
10157457,OKLAHOMA CO., ,04/28/1992,1458,Hail,.88, ,0,0,0,0,OK,CST, , ,C,109,OKC,0,0, , ,0,0,0, ,0, , ,04/28/1992,1458,35.48,-97.53, , ,"","",426
10157460,OKLAHOMA CO., ,04/28/1992,1515,Hail,.75, ,0,0,0,0,OK,CST, , ,C,109,OKC,0,0, , ,0,0,0, ,0, , ,04/28/1992,1515,35.47,-97.17, , ,"","",427
10155832,OKLAHOMA CO., ,05/10/1992,1451,Hail,1.25, ,0,0,0,0,OK,CST, , ,C,109,OKC,0,0, , ,0,0,0, ,0, , ,05/10/1992,1451,35.52,-97.63, , ,"","",428
10104485,OKLAHOMA CO., ,05/10/1992,1515,Thunderstorm Wind,0, ,0,2,0,0,OK,PST, , ,C,109,OKC,0,0, , ,0,0,0, ,0, , ,05/10/1992,1515,35.68,-97.60, , ,"","",429
10155835,OKLAHOMA CO., ,05/10/1992,1522,Hail,1.75, ,0,0,0,0,OK,CST, , ,C,109,OKC,0,0, , ,0,0,0, ,0, , ,05/10/1992,1522,35.48,-97.53, , ,"","",430
10155842,OKLAHOMA CO., ,05/10/1992,1550,Hail,1.75, ,0,0,0,0,OK,CST, , ,C,109,OKC,0,0, , ,0,0,0, ,0, , ,05/10/1992,1550,35.65,-97.48, , ,"","",431
10104486,OKLAHOMA CO., ,05/10/1992,1611,Tornado,0,F0,0,0,0,0,OK,CST, , ,C,109, ,0,0, , ,.5,30,0, ,0, , ,05/10/1992,1611,35.67,-97.33, , ,"","",432
10156670,OKLAHOMA CO., ,05/10/1992,2010,Hail,.88, ,0,0,0,0,OK,CST, , ,C,109,OKC,0,0, , ,0,0,0, ,0, , ,05/10/1992,2010,35.48,-97.53, , ,"","",433
10156673,OKLAHOMA CO., ,05/10/1992,2045,Hail,.75, ,0,0,0,0,OK,CST, , ,C,109,OKC,0,0, , ,0,0,0, ,0, , ,05/10/1992,2045,35.70,-97.25, , ,"","",434
10157325,OKLAHOMA CO., ,05/15/1992,2011,Hail,.88, ,0,0,0,0,OK,CST, , ,C,109,OKC,0,0, , ,0,0,0, ,0, , ,05/15/1992,2011,35.50,-97.27, , ,"","",435
10156373,OKLAHOMA CO., ,06/14/1992,1357,Hail,.88, ,0,0,0,0,OK,CST, , ,C,109,OKC,0,0, , ,0,0,0, ,0, , ,06/14/1992,1357,35.65,-97.52, , ,"","",436
10101131,OKLAHOMA CO., ,06/14/1992,1359,Thunderstorm Wind,52, ,0,0,0,0,OK,PST, , ,C,109,OKC,0,0, , ,0,0,0, ,0, , ,06/14/1992,1359,35.67,-97.20, , ,"","",437
10156375,OKLAHOMA CO., ,06/14/1992,1436,Hail,.75, ,0,0,0,0,OK,CST, , ,C,109,OKC,0,0, , ,0,0,0, ,0, , ,06/14/1992,1436,35.48,-97.53, , ,"","",438
10101145,OKLAHOMA CO., ,06/17/1992,1900,Thunderstorm Wind,0, ,0,0,0,0,OK,PST, , ,C,109,OKC,0,0, , ,0,0,0, ,0, , ,06/17/1992,1900,35.65,-97.42, , ,"","",439
10101146,OKLAHOMA CO., ,06/17/1992,1945,Thunderstorm Wind,52, ,0,0,0,0,OK,PST, , ,C,109,OKC,0,0, , ,0,0,0, ,0, , ,06/17/1992,1945,35.65,-97.48, , ,"","",440
10156194,OKLAHOMA CO., ,06/18/1992,1730,Hail,1.75, ,0,0,0,0,OK,CST, , ,C,109,OKC,0,0, , ,0,0,0, ,0, , ,06/18/1992,1730,35.48,-97.53, , ,"","",441
10156202,OKLAHOMA CO., ,06/18/1992,1805,Hail,1.25, ,0,0,0,0,OK,CST, , ,C,109,OKC,0,0, , ,0,0,0, ,0, , ,06/18/1992,1805,35.48,-97.60, , ,"","",442
10156431,OKLAHOMA CO., ,06/18/1992,1855,Hail,1.00, ,0,0,0,0,OK,CST, , ,C,109,OKC,0,0, , ,0,0,0, ,0, , ,06/18/1992,1855,35.70,-97.65, , ,"","",443
10156432,OKLAHOMA CO., ,06/18/1992,1856,Hail,.75, ,0,0,0,0,OK,CST, , ,C,109,OKC,0,0, , ,0,0,0, ,0, , ,06/18/1992,1856,35.52,-97.53, , ,"","",444
10155637,OKLAHOMA CO., ,06/23/1992,1642,Hail,.75, ,0,0,0,0,OK,CST, , ,C,109,OKC,0,0, , ,0,0,0, ,0, , ,06/23/1992,1642,35.48,-97.53, , ,"","",445
10102310,OKLAHOMA CO., ,06/24/1992,2215,Thunderstorm Wind,52, ,0,0,0,0,OK,PST, , ,C,109,OKC,0,0, , ,0,0,0, ,0, , ,06/24/1992,2215,35.48,-97.53, , ,"","",446
10102311,OKLAHOMA CO., ,06/24/1992,2216,Thunderstorm Wind,0, ,0,0,0,0,OK,PST, , ,C,109,OKC,0,0, , ,0,0,0, ,0, , ,06/24/1992,2216,35.65,-97.48, , ,"","",447
10103176,OKLAHOMA CO., ,06/24/1992,2256,Thunderstorm Wind,58, ,0,0,0,0,OK,PST, , ,C,109,OKC,0,0, , ,0,0,0, ,0, , ,06/24/1992,2256,35.48,-97.53, , ,"","",448
10157940,OKLAHOMA CO., ,06/24/1992,2312,Hail,1.00, ,0,0,0,0,OK,CST, , ,C,109,OKC,0,0, , ,0,0,0, ,0, , ,06/24/1992,2312,35.48,-97.53, , ,"","",449
10154833,OKLAHOMA CO., ,07/16/1992,314,Hail,.75, ,0,0,0,0,OK,CST, , ,C,109,OKC,0,0, , ,0,0,0, ,0, , ,07/16/1992,314,35.67,-97.48, , ,"","",450
10104537,OKLAHOMA CO., ,07/20/1992,1703,Thunderstorm Wind,65, ,0,0,0,0,OK,PST, , ,C,109,OKC,0,0, , ,0,0,0, ,0, , ,07/20/1992,1703,35.48,-97.53, , ,"","",451
10155744,OKLAHOMA CO., ,07/30/1992,1725,Hail,1.75, ,0,0,0,0,OK,CST, , ,C,109,OKC,0,0, , ,0,0,0, ,0, , ,07/30/1992,1725,35.37,-97.38, , ,"","",452
10155746,OKLAHOMA CO., ,07/30/1992,1759,Hail,1.00, ,0,0,0,0,OK,CST, , ,C,109,OKC,0,0, , ,0,0,0, ,0, , ,07/30/1992,1759,35.48,-97.53, , ,"","",453
10155750,OKLAHOMA CO., ,07/30/1992,1810,Hail,1.50, ,0,0,0,0,OK,CST, , ,C,109,OKC,0,0, , ,0,0,0, ,0, , ,07/30/1992,1810,35.50,-97.27, , ,"","",454
10104550,OKLAHOMA CO., ,07/30/1992,1835,Thunderstorm Wind,0, ,0,0,0,0,OK,PST, , ,C,109,OKC,0,0, , ,0,0,0, ,0, , ,07/30/1992,1835,35.48,-97.53, , ,"","",455
10104571,OKLAHOMA CO., ,08/05/1992,615,Thunderstorm Wind,0, ,0,0,0,0,OK,PST, , ,C,109,OKC,0,0, , ,0,0,0, ,0, , ,08/05/1992,615,35.48,-97.53, , ,"","",456
10102617,OKLAHOMA CO., ,09/05/1992,2251,Thunderstorm Wind,0, ,0,0,0,0,OK,PST, , ,C,109,OKC,0,0, , ,0,0,0, ,0, , ,09/05/1992,2251,35.65,-97.63, , ,"","",457
10102619,OKLAHOMA CO., ,09/05/1992,2319,Thunderstorm Wind,52, ,0,0,0,0,OK,PST, , ,C,109,OKC,0,0, , ,0,0,0, ,0, , ,09/05/1992,2319,35.48,-97.53, , ,"","",458
10102620,OKLAHOMA CO., ,09/05/1992,2329,Thunderstorm Wind,52, ,0,0,0,0,OK,PST, , ,C,109,OKC,0,0, , ,0,0,0, ,0, , ,09/05/1992,2329,35.67,-97.48, , ,"","",459
10154737,OKLAHOMA CO., ,09/06/1992,9,Hail,1.25, ,0,0,0,0,OK,CST, , ,C,109,OKC,0,0, , ,0,0,0, ,0, , ,09/06/1992,9,35.42,-97.38, , ,"","",460
10154741,OKLAHOMA CO., ,09/06/1992,252,Hail,1.00, ,0,0,0,0,OK,CST, , ,C,109,OKC,0,0, , ,0,0,0, ,0, , ,09/06/1992,252,35.48,-97.53, , ,"","",461
10154742,OKLAHOMA CO., ,09/06/1992,309,Hail,3.50, ,0,0,0,0,OK,CST, , ,C,109,OKC,0,0, , ,0,0,0, ,0, , ,09/06/1992,309,35.48,-97.53, , ,"","",462
10154744,OKLAHOMA CO., ,09/06/1992,332,Hail,2.75, ,0,0,0,0,OK,CST, , ,C,109,OKC,0,0, , ,0,0,0, ,0, , ,09/06/1992,332,35.48,-97.53, , ,"","",463
10104741,OKLAHOMA CO., ,09/20/1992,1924,Thunderstorm Wind,53, ,0,0,0,0,OK,PST, , ,C,109,OKC,0,0, , ,0,0,0, ,0, , ,09/20/1992,1924,35.48,-97.53, , ,"","",464
10104977,OKLAHOMA CO., ,10/07/1992,1530,Thunderstorm Wind,0, ,0,0,0,0,OK,PST, , ,C,109,OKC,0,0, , ,0,0,0, ,0, , ,10/07/1992,1530,35.45,-97.45, , ,"","",465
10157116,OKLAHOMA CO., ,10/31/1992,2016,Hail,1.00, ,0,0,0,0,OK,CST, , ,C,109,OKC,0,0, , ,0,0,0, ,0, , ,10/31/1992,2016,35.48,-97.53, , ,"","",466
10157124,OKLAHOMA CO., ,10/31/1992,2103,Hail,1.00, ,0,0,0,0,OK,CST, , ,C,109,OKC,0,0, , ,0,0,0, ,0, , ,10/31/1992,2103,35.48,-97.53, , ,"","",467
10104989,OKLAHOMA CO., ,10/31/1992,2135,Thunderstorm Wind,50, ,0,0,0,0,OK,PST, , ,C,109,OKC,0,0, , ,0,0,0, ,0, , ,10/31/1992,2135,35.48,-97.53, , ,"","",468
10154847,OKLAHOMA CO., ,11/11/1992,1313,Hail,.75, ,0,0,0,0,OK,CST, , ,C,109,OKC,0,0, , ,0,0,0, ,0, , ,11/11/1992,1313,35.57,-97.28, , ,"","",469
10154848,OKLAHOMA CO., ,11/11/1992,1330,Hail,.88, ,0,0,0,0,OK,CST, , ,C,109,OKC,0,0, , ,0,0,0, ,0, , ,11/11/1992,1330,35.67,-97.20, , ,"","",470
10340846,OKLAHOMA CO.,Oklahoma City,05/07/1993,2200,Thunderstorm Wind,0, ,0,0,0,0,OK,CST, , ,C,109, ,0,0, , ,0,0,0, ,0, , ,05/07/1993,2200, , , , ,"  ","",471
10340847,OKLAHOMA CO.,SW Oklahoma City,05/07/1993,2200,Thunderstorm Wind,0, ,0,0,0,0,OK,CST, , ,C,109, ,0,0, , ,0,0,0, ,0, , ,05/07/1993,2205, , , , ,"  ","",472
10340848,OKLAHOMA CO.,Bethany,05/07/1993,2205,Thunderstorm Wind,52, ,0,0,0,0,OK,CST, , ,C,109, ,0,0, , ,0,0,0, ,0, , ,05/07/1993,2205, , , , ,"  ","",473
10340849,OKLAHOMA CO.,Luther,05/07/1993,2240,Thunderstorm Wind,0, ,0,0,0,0,OK,CST, , ,C,109, ,0,0, , ,0,0,0, ,0, , ,05/07/1993,2240, , , , ,"  ","",474
10340850,OKLAHOMA CO.,Edmond,05/07/1993,2245,Thunderstorm Wind,0, ,0,0,0,0,OK,CST, , ,C,109, ,0,0, , ,0,0,4,E,0, , ,05/07/1993,2245, , , , ,"  ","",475
10340924,OKLAHOMA CO.,(PWA) Wiley Post,05/07/1993,2251,Thunderstorm Wind,52, ,0,0,0,0,OK,CST, , ,C,109, ,0,0, , ,0,0,0, ,0, , ,05/07/1993,2251, , , , ,"  ","",476
10340852,OKLAHOMA CO.,(OKC) Will Rogers,05/07/1993,2256,Thunderstorm Wind,50, ,0,0,0,0,OK,CST, , ,C,109, ,0,0, , ,0,0,0, ,0, , ,05/07/1993,2256, , , , ,"  ","",477
10340853,OKLAHOMA CO.,SW Oklahoma City,05/08/1993,1448,Thunderstorm Wind,0, ,0,0,50000,0,OK,CST, , ,C,109, ,0,0, , ,0,0,0, ,0, , ,05/08/1993,1448, , , , ,"  ","",478
10340854,OKLAHOMA CO.,SW Oklahoma City,05/08/1993,1450,Hail,.75, ,0,0,0,0,OK,CST, , ,C,109, ,0,0, , ,0,0,0, ,0, , ,05/08/1993,1450, , , , ,"  ","",479
10340855,OKLAHOMA CO.,Nr The Village,05/08/1993,1455,Hail,.75, ,0,0,0,0,OK,CST, , ,C,109, ,0,0, , ,0,0,0, ,0, , ,05/08/1993,1455, , , , ,"  ","",480
10340856,OKLAHOMA CO.,Oklahoma City,05/08/1993,1455,Hail,1.00, ,0,0,0,0,OK,CST, , ,C,109, ,0,0, , ,0,0,0, ,0, , ,05/08/1993,1455, , , , ,"  ","",481
10340857,OKLAHOMA CO.,(OKC) Will Rogers,05/08/1993,1534,Hail,.75, ,0,0,0,0,OK,CST, , ,C,109, ,0,0, , ,0,0,0, ,0, , ,05/08/1993,1534, , , , ,"  ","",482
10340858,OKLAHOMA CO.,(OKC) Will Rogers,05/08/1993,1549,Hail,.75, ,0,0,0,0,OK,CST, , ,C,109, ,0,0, , ,0,0,0, ,0, , ,05/08/1993,1549, , , , ,"  ","",483
10340859,OKLAHOMA CO.,(OKC) Will Rogers,05/08/1993,1553,Hail,1.00, ,0,0,0,0,OK,CST, , ,C,109, ,0,0, , ,0,0,1,NW,0, , ,05/08/1993,1553, , , , ,"  ","",484
10340860,OKLAHOMA CO.,Will Rogers,05/08/1993,1603,Hail,1.00, ,0,0,0,0,OK,CST, , ,C,109, ,0,0, , ,0,0,0, ,0, , ,05/08/1993,1603, , , , ,"  ","",485
10340861,OKLAHOMA CO.,(OKC) Will Rogers,05/08/1993,1622,Hail,.75, ,0,0,0,0,OK,CST, , ,C,109, ,0,0, , ,0,0,2,NE,0, , ,05/08/1993,1622, , , , ,"  ","",486
10340862,OKLAHOMA CO.,Oklahoma City,08/23/1993,1632,Hail,.75, ,0,0,0,0,OK,CST, , ,C,109, ,0,0, , ,0,0,0, ,0, , ,08/23/1993,1632, , , , ,"  ","",487
10340863,OKLAHOMA CO.,SE Oklahoma City,08/23/1993,1722,Thunderstorm Wind,0, ,0,0,0,0,OK,CST, , ,C,109, ,0,0, , ,0,0,0, ,0, , ,08/23/1993,1722, , , , ,"  ","",488
10340864,OKLAHOMA CO.,NW Oklahoma City,08/30/1993,1640,Thunderstorm Wind,0, ,0,0,0,0,OK,CST, , ,C,109, ,0,0, , ,0,0,0, ,0, , ,08/30/1993,1640, , , , ,"  ","",489
10340865,OKLAHOMA CO.,SW Oklahoma City,08/30/1993,1640,Thunderstorm Wind,0, ,0,0,0,0,OK,CST, , ,C,109, ,0,0, , ,0,0,0, ,0, , ,08/30/1993,1640, , , , ,"  ","",490
10340866,OKLAHOMA CO.,N Oklahoma City,08/30/1993,1653,Thunderstorm Wind,50, ,0,0,0,0,OK,CST, , ,C,109, ,0,0, , ,0,0,0, ,0, , ,08/30/1993,1653, , , , ,"  ","",491
10340867,OKLAHOMA CO.,Luther,08/30/1993,1715,Thunderstorm Wind,0, ,0,0,0,0,OK,CST, , ,C,109, ,0,0, , ,0,0,0, ,0, , ,08/30/1993,1715, , , , ,"  ","",492
10340868,OKLAHOMA CO.,The Village,09/19/1993,1920,Hail,.75, ,0,0,0,0,OK,CST, , ,C,109, ,0,0, , ,0,0,0, ,0, , ,09/19/1993,1920, , , , ,"  ","",493
10340917,OKLAHOMA AND TEXAS CO.,Hooker,10/12/1993,1716,Hail,.75, ,0,0,0,0,OK,CST, , ,C,109, ,0,0, , ,0,0,2,E,0, , ,10/12/1993,1716, , , , ,"A vigorous upper level trough combined with a well defined dryline over the panhandles of Texas and Oklahoma and developed into an active severe weather.  The hail reports in Oklahoma were received by the Oklahoma Highway Patrol, the Hooker Police Department and a local TV Meteorologist. ","",494
10340918,OKLAHOMA AND TEXAS CO.,Hooker,10/12/1993,1720,Hail,1.00, ,0,0,0,0,OK,CST, , ,C,109, ,0,0, , ,0,0,0, ,0, , ,10/12/1993,1720, , , , ,"A vigorous upper level trough combined with a well defined dryline over the panhandles of Texas and Oklahoma and developed into an active severe weather.  The hail reports in Oklahoma were received by the Oklahoma Highway Patrol, the Hooker Police Department and a local TV Meteorologist. ","",495
10340869,OKLAHOMA CO.,Choctaw,02/19/1994,1630,Hail,.88, ,0,0,0,0,OK,CST, , ,C,109, ,0,0, , ,0,0,8,SSE,0, , ,02/19/1994,1630, , , , ,"  ","",496
10340870,OKLAHOMA CO.,Newalla,02/19/1994,1635,Thunderstorm Wind,0, ,0,0,50000,0,OK,CST, , ,C,109, ,0,0, , ,0,0,0, ,0, , ,02/19/1994,1635, , , , ,"  ","",497
10340871,OKLAHOMA CO.,Harrah,02/19/1994,1636,Hail,.75, ,0,0,0,0,OK,CST, , ,C,109, ,0,0, , ,0,0,0, ,0, , ,02/19/1994,1636, , , , ,"  ","",498
10340873,OKLAHOMA CO.,Will Rogers Airport,03/07/1994,2206,Hail,.88, ,0,0,0,0,OK,CST, , ,C,109, ,0,0, , ,0,0,3,WNW,0, , ,03/07/1994,2206, , , , ,"  ","",499
10340872,OKLAHOMA CO.,Will Rogers Airport,03/07/1994,2206,Hail,1.00, ,0,0,0,0,OK,CST, , ,C,109, ,0,0, , ,0,0,2,WNW,0, , ,03/07/1994,2206, , , , ,"  ","",500
